0 verbose cli C:\Program Files\nodejs\node.exe C:\Program Files\nodejs\node_modules\npm\bin\npm-cli.js
1 info using npm@10.9.2
2 info using node@v22.14.0
3 silly config load:file:C:\Program Files\nodejs\node_modules\npm\npmrc
4 silly config load:file:D:\airflowlablanding\.npmrc
5 silly config load:file:C:\Users\kittichon\.npmrc
6 silly config load:file:C:\Users\kittichon\AppData\Roaming\npm\etc\npmrc
7 verbose title npm install prettier prettier-plugin-tailwindcss vitest @vitejs/plugin-react @testing-library/react @testing-library/jest-dom jsdom
8 verbose argv "install" "--save-dev" "prettier" "prettier-plugin-tailwindcss" "vitest" "@vitejs/plugin-react" "@testing-library/react" "@testing-library/jest-dom" "jsdom"
9 verbose logfile logs-max:10 dir:D:\airflowlablanding\npm-cache\_logs\2026-05-13T21_52_47_648Z-
10 verbose logfile D:\airflowlablanding\npm-cache\_logs\2026-05-13T21_52_47_648Z-debug-0.log
11 silly logfile done cleaning log files
12 silly packumentCache heap:4345298944 maxSize:1086324736 maxEntrySize:543162368
13 silly idealTree buildDeps
14 silly fetch manifest prettier@*
15 silly packumentCache full:https://registry.npmjs.org/prettier cache-miss
16 http fetch GET 200 https://registry.npmjs.org/prettier 242ms (cache miss)
17 silly packumentCache full:https://registry.npmjs.org/prettier set size:undefined disposed:false
18 silly fetch manifest prettier-plugin-tailwindcss@*
19 silly packumentCache full:https://registry.npmjs.org/prettier-plugin-tailwindcss cache-miss
20 http fetch GET 200 https://registry.npmjs.org/npm 431ms
21 http fetch GET 200 https://registry.npmjs.org/prettier-plugin-tailwindcss 85ms (cache miss)
22 silly packumentCache full:https://registry.npmjs.org/prettier-plugin-tailwindcss set size:undefined disposed:false
23 silly fetch manifest @ianvs/prettier-plugin-sort-imports@*
24 silly packumentCache full:https://registry.npmjs.org/@ianvs%2fprettier-plugin-sort-imports cache-miss
25 http fetch GET 200 https://registry.npmjs.org/@ianvs%2fprettier-plugin-sort-imports 239ms (cache miss)
26 silly packumentCache full:https://registry.npmjs.org/@ianvs%2fprettier-plugin-sort-imports set size:undefined disposed:false
27 silly fetch manifest @prettier/plugin-oxc@^0.0.4 || ^0.1.0
28 silly packumentCache full:https://registry.npmjs.org/@prettier%2fplugin-oxc cache-miss
29 http fetch GET 200 https://registry.npmjs.org/@prettier%2fplugin-oxc 87ms (cache miss)
30 silly packumentCache full:https://registry.npmjs.org/@prettier%2fplugin-oxc set size:undefined disposed:false
31 silly fetch manifest @vue/compiler-sfc@2.7.x || 3.x
32 silly packumentCache full:https://registry.npmjs.org/@vue%2fcompiler-sfc cache-miss
33 http fetch GET 200 https://registry.npmjs.org/@vue%2fcompiler-sfc 97ms (cache miss)
34 silly packumentCache full:https://registry.npmjs.org/@vue%2fcompiler-sfc set size:undefined disposed:false
35 silly fetch manifest content-tag@^4.0.0
36 silly packumentCache full:https://registry.npmjs.org/content-tag cache-miss
37 http fetch GET 200 https://registry.npmjs.org/content-tag 59ms (cache miss)
38 silly packumentCache full:https://registry.npmjs.org/content-tag set size:undefined disposed:false
39 silly fetch manifest prettier-plugin-ember-template-tag@^2.1.0
40 silly packumentCache full:https://registry.npmjs.org/prettier-plugin-ember-template-tag cache-miss
41 http fetch GET 200 https://registry.npmjs.org/prettier-plugin-ember-template-tag 59ms (cache miss)
42 silly packumentCache full:https://registry.npmjs.org/prettier-plugin-ember-template-tag set size:undefined disposed:false
43 silly fetch manifest @prettier/plugin-hermes@*
44 silly packumentCache full:https://registry.npmjs.org/@prettier%2fplugin-hermes cache-miss
45 http fetch GET 200 https://registry.npmjs.org/@prettier%2fplugin-hermes 78ms (cache miss)
46 silly packumentCache full:https://registry.npmjs.org/@prettier%2fplugin-hermes set size:undefined disposed:false
47 silly fetch manifest @prettier/plugin-pug@*
48 silly packumentCache full:https://registry.npmjs.org/@prettier%2fplugin-pug cache-miss
49 http fetch GET 200 https://registry.npmjs.org/@prettier%2fplugin-pug 89ms (cache miss)
50 silly packumentCache full:https://registry.npmjs.org/@prettier%2fplugin-pug set size:undefined disposed:false
51 silly fetch manifest @shopify/prettier-plugin-liquid@*
52 silly packumentCache full:https://registry.npmjs.org/@shopify%2fprettier-plugin-liquid cache-miss
53 http fetch GET 200 https://registry.npmjs.org/@shopify%2fprettier-plugin-liquid 74ms (cache miss)
54 silly packumentCache full:https://registry.npmjs.org/@shopify%2fprettier-plugin-liquid set size:undefined disposed:false
55 silly fetch manifest @trivago/prettier-plugin-sort-imports@*
56 silly packumentCache full:https://registry.npmjs.org/@trivago%2fprettier-plugin-sort-imports cache-miss
57 http fetch GET 200 https://registry.npmjs.org/@trivago%2fprettier-plugin-sort-imports 246ms (cache miss)
58 silly packumentCache full:https://registry.npmjs.org/@trivago%2fprettier-plugin-sort-imports set size:undefined disposed:false
59 silly fetch manifest prettier-plugin-svelte@3.x
60 silly packumentCache full:https://registry.npmjs.org/prettier-plugin-svelte cache-miss
61 http fetch GET 200 https://registry.npmjs.org/prettier-plugin-svelte 65ms (cache miss)
62 silly packumentCache full:https://registry.npmjs.org/prettier-plugin-svelte set size:undefined disposed:false
63 silly fetch manifest svelte@^3.2.0 || ^4.0.0-next.0 || ^5.0.0-next.0
64 silly packumentCache full:https://registry.npmjs.org/svelte cache-miss
65 http fetch GET 200 https://registry.npmjs.org/svelte 314ms (cache miss)
66 silly packumentCache full:https://registry.npmjs.org/svelte set size:undefined disposed:false
67 silly fetch manifest @zackad/prettier-plugin-twig@*
68 silly packumentCache full:https://registry.npmjs.org/@zackad%2fprettier-plugin-twig cache-miss
69 http fetch GET 200 https://registry.npmjs.org/@zackad%2fprettier-plugin-twig 239ms (cache miss)
70 silly packumentCache full:https://registry.npmjs.org/@zackad%2fprettier-plugin-twig set size:undefined disposed:false
71 silly fetch manifest prettier-plugin-astro@*
72 silly packumentCache full:https://registry.npmjs.org/prettier-plugin-astro cache-miss
73 http fetch GET 200 https://registry.npmjs.org/prettier-plugin-astro 59ms (cache miss)
74 silly packumentCache full:https://registry.npmjs.org/prettier-plugin-astro set size:undefined disposed:false
75 silly fetch manifest prettier-plugin-css-order@*
76 silly packumentCache full:https://registry.npmjs.org/prettier-plugin-css-order cache-miss
77 http fetch GET 200 https://registry.npmjs.org/prettier-plugin-css-order 53ms (cache miss)
78 silly packumentCache full:https://registry.npmjs.org/prettier-plugin-css-order set size:undefined disposed:false
79 silly fetch manifest prettier-plugin-jsdoc@*
80 silly packumentCache full:https://registry.npmjs.org/prettier-plugin-jsdoc cache-miss
81 http fetch GET 200 https://registry.npmjs.org/prettier-plugin-jsdoc 61ms (cache miss)
82 silly packumentCache full:https://registry.npmjs.org/prettier-plugin-jsdoc set size:undefined disposed:false
83 silly fetch manifest prettier-plugin-marko@*
84 silly packumentCache full:https://registry.npmjs.org/prettier-plugin-marko cache-miss
85 http fetch GET 200 https://registry.npmjs.org/prettier-plugin-marko 60ms (cache miss)
86 silly packumentCache full:https://registry.npmjs.org/prettier-plugin-marko set size:undefined disposed:false
87 silly fetch manifest prettier-plugin-multiline-arrays@*
88 silly packumentCache full:https://registry.npmjs.org/prettier-plugin-multiline-arrays cache-miss
89 http fetch GET 200 https://registry.npmjs.org/prettier-plugin-multiline-arrays 56ms (cache miss)
90 silly packumentCache full:https://registry.npmjs.org/prettier-plugin-multiline-arrays set size:undefined disposed:false
91 silly fetch manifest prettier-plugin-organize-attributes@*
92 silly packumentCache full:https://registry.npmjs.org/prettier-plugin-organize-attributes cache-miss
93 http fetch GET 200 https://registry.npmjs.org/prettier-plugin-organize-attributes 54ms (cache miss)
94 silly packumentCache full:https://registry.npmjs.org/prettier-plugin-organize-attributes set size:undefined disposed:false
95 silly fetch manifest prettier-plugin-organize-imports@*
96 silly packumentCache full:https://registry.npmjs.org/prettier-plugin-organize-imports cache-miss
97 http fetch GET 200 https://registry.npmjs.org/prettier-plugin-organize-imports 56ms (cache miss)
98 silly packumentCache full:https://registry.npmjs.org/prettier-plugin-organize-imports set size:undefined disposed:false
99 silly fetch manifest typescript@^5
100 silly packumentCache full:https://registry.npmjs.org/typescript cache-miss
101 http fetch GET 200 https://registry.npmjs.org/typescript 295ms (cache miss)
102 silly packumentCache full:https://registry.npmjs.org/typescript set size:undefined disposed:false
103 silly fetch manifest vue-tsc@^2.1.0 || 3
104 silly packumentCache full:https://registry.npmjs.org/vue-tsc cache-miss
105 http fetch GET 200 https://registry.npmjs.org/vue-tsc 83ms (cache miss)
106 silly packumentCache full:https://registry.npmjs.org/vue-tsc set size:undefined disposed:false
107 silly fetch manifest prettier-plugin-sort-imports@*
108 silly packumentCache full:https://registry.npmjs.org/prettier-plugin-sort-imports cache-miss
109 http fetch GET 200 https://registry.npmjs.org/prettier-plugin-sort-imports 56ms (cache miss)
110 silly packumentCache full:https://registry.npmjs.org/prettier-plugin-sort-imports set size:undefined disposed:false
111 silly fetch manifest vitest@*
112 silly packumentCache full:https://registry.npmjs.org/vitest cache-miss
113 http fetch GET 200 https://registry.npmjs.org/vitest 255ms (cache miss)
114 silly packumentCache full:https://registry.npmjs.org/vitest set size:undefined disposed:false
115 silly fetch manifest @edge-runtime/vm@*
116 silly packumentCache full:https://registry.npmjs.org/@edge-runtime%2fvm cache-miss
117 http fetch GET 200 https://registry.npmjs.org/@edge-runtime%2fvm 79ms (cache miss)
118 silly packumentCache full:https://registry.npmjs.org/@edge-runtime%2fvm set size:undefined disposed:false
119 silly fetch manifest @opentelemetry/api@^1.9.0
120 silly packumentCache full:https://registry.npmjs.org/@opentelemetry%2fapi cache-miss
121 http fetch GET 200 https://registry.npmjs.org/@opentelemetry%2fapi 73ms (cache miss)
122 silly packumentCache full:https://registry.npmjs.org/@opentelemetry%2fapi set size:undefined disposed:false
123 silly fetch manifest @types/node@^20
124 silly packumentCache full:https://registry.npmjs.org/@types%2fnode cache-miss
125 http fetch GET 200 https://registry.npmjs.org/@types%2fnode 197ms (cache miss)
126 silly packumentCache full:https://registry.npmjs.org/@types%2fnode set size:undefined disposed:false
127 silly fetch manifest @vitest/browser-playwright@4.1.6
128 silly packumentCache full:https://registry.npmjs.org/@vitest%2fbrowser-playwright cache-miss
129 http fetch GET 200 https://registry.npmjs.org/@vitest%2fbrowser-playwright 70ms (cache miss)
130 silly packumentCache full:https://registry.npmjs.org/@vitest%2fbrowser-playwright set size:undefined disposed:false
131 silly fetch manifest playwright@*
132 silly packumentCache full:https://registry.npmjs.org/playwright cache-miss
133 http fetch GET 200 https://registry.npmjs.org/playwright 330ms (cache miss)
134 silly packumentCache full:https://registry.npmjs.org/playwright set size:undefined disposed:false
135 silly fetch manifest @vitest/browser-preview@4.1.6
136 silly packumentCache full:https://registry.npmjs.org/@vitest%2fbrowser-preview cache-miss
137 http fetch GET 200 https://registry.npmjs.org/@vitest%2fbrowser-preview 73ms (cache miss)
138 silly packumentCache full:https://registry.npmjs.org/@vitest%2fbrowser-preview set size:undefined disposed:false
139 silly fetch manifest @vitest/browser-webdriverio@4.1.6
140 silly packumentCache full:https://registry.npmjs.org/@vitest%2fbrowser-webdriverio cache-miss
141 http fetch GET 200 https://registry.npmjs.org/@vitest%2fbrowser-webdriverio 69ms (cache miss)
142 silly packumentCache full:https://registry.npmjs.org/@vitest%2fbrowser-webdriverio set size:undefined disposed:false
143 silly fetch manifest webdriverio@*
144 silly packumentCache full:https://registry.npmjs.org/webdriverio cache-miss
145 http fetch GET 200 https://registry.npmjs.org/webdriverio 117ms (cache miss)
146 silly packumentCache full:https://registry.npmjs.org/webdriverio set size:undefined disposed:false
147 silly fetch manifest puppeteer-core@>=22.x || <=24.x
148 silly packumentCache full:https://registry.npmjs.org/puppeteer-core cache-miss
149 http fetch GET 200 https://registry.npmjs.org/puppeteer-core 77ms (cache miss)
150 silly packumentCache full:https://registry.npmjs.org/puppeteer-core set size:undefined disposed:false
151 silly fetch manifest @vitest/coverage-istanbul@4.1.6
152 silly packumentCache full:https://registry.npmjs.org/@vitest%2fcoverage-istanbul cache-miss
153 http fetch GET 200 https://registry.npmjs.org/@vitest%2fcoverage-istanbul 82ms (cache miss)
154 silly packumentCache full:https://registry.npmjs.org/@vitest%2fcoverage-istanbul set size:undefined disposed:false
155 silly fetch manifest @vitest/coverage-v8@4.1.6
156 silly packumentCache full:https://registry.npmjs.org/@vitest%2fcoverage-v8 cache-miss
157 http fetch GET 200 https://registry.npmjs.org/@vitest%2fcoverage-v8 73ms (cache miss)
158 silly packumentCache full:https://registry.npmjs.org/@vitest%2fcoverage-v8 set size:undefined disposed:false
159 silly fetch manifest @vitest/browser@4.1.6
160 silly packumentCache full:https://registry.npmjs.org/@vitest%2fbrowser cache-miss
161 http fetch GET 200 https://registry.npmjs.org/@vitest%2fbrowser 131ms (cache miss)
162 silly packumentCache full:https://registry.npmjs.org/@vitest%2fbrowser set size:undefined disposed:false
163 silly fetch manifest @vitest/ui@4.1.6
164 silly packumentCache full:https://registry.npmjs.org/@vitest%2fui cache-miss
165 http fetch GET 200 https://registry.npmjs.org/@vitest%2fui 265ms (cache miss)
166 silly packumentCache full:https://registry.npmjs.org/@vitest%2fui set size:undefined disposed:false
167 silly fetch manifest happy-dom@*
168 silly packumentCache full:https://registry.npmjs.org/happy-dom cache-miss
169 http fetch GET 200 https://registry.npmjs.org/happy-dom 98ms (cache miss)
170 silly packumentCache full:https://registry.npmjs.org/happy-dom set size:undefined disposed:false
171 silly fetch manifest jsdom@*
172 silly packumentCache full:https://registry.npmjs.org/jsdom cache-miss
173 http fetch GET 200 https://registry.npmjs.org/jsdom 72ms (cache miss)
174 silly packumentCache full:https://registry.npmjs.org/jsdom set size:undefined disposed:false
175 silly fetch manifest canvas@^3.0.0
176 silly packumentCache full:https://registry.npmjs.org/canvas cache-miss
177 http fetch GET 200 https://registry.npmjs.org/canvas 61ms (cache miss)
178 silly packumentCache full:https://registry.npmjs.org/canvas set size:undefined disposed:false
179 silly fetch manifest @vitejs/plugin-react@*
180 silly packumentCache full:https://registry.npmjs.org/@vitejs%2fplugin-react cache-miss
181 http fetch GET 200 https://registry.npmjs.org/@vitejs%2fplugin-react 72ms (cache miss)
182 silly packumentCache full:https://registry.npmjs.org/@vitejs%2fplugin-react set size:undefined disposed:false
183 silly fetch manifest @rolldown/plugin-babel@^0.1.7 || ^0.2.0
184 silly packumentCache full:https://registry.npmjs.org/@rolldown%2fplugin-babel cache-miss
185 http fetch GET 200 https://registry.npmjs.org/@rolldown%2fplugin-babel 72ms (cache miss)
186 silly packumentCache full:https://registry.npmjs.org/@rolldown%2fplugin-babel set size:undefined disposed:false
187 silly fetch manifest @babel/core@^7.29.0 || ^8.0.0-rc.1
188 silly packumentCache full:https://registry.npmjs.org/@babel%2fcore cache-miss
189 http fetch GET 200 https://registry.npmjs.org/@babel%2fcore 77ms (cache miss)
190 silly packumentCache full:https://registry.npmjs.org/@babel%2fcore set size:undefined disposed:false
191 silly fetch manifest @babel/plugin-transform-runtime@^7.29.0 || ^8.0.0-rc.1
192 silly packumentCache full:https://registry.npmjs.org/@babel%2fplugin-transform-runtime cache-miss
193 http fetch GET 200 https://registry.npmjs.org/@babel%2fplugin-transform-runtime 71ms (cache miss)
194 silly packumentCache full:https://registry.npmjs.org/@babel%2fplugin-transform-runtime set size:undefined disposed:false
195 silly fetch manifest @babel/runtime@^7.27.0 || ^8.0.0-rc.1
196 silly packumentCache full:https://registry.npmjs.org/@babel%2fruntime cache-miss
197 http fetch GET 200 https://registry.npmjs.org/@babel%2fruntime 136ms (cache miss)
198 silly packumentCache full:https://registry.npmjs.org/@babel%2fruntime set size:undefined disposed:false
199 silly fetch manifest rolldown@^1.0.0-rc.5
200 silly packumentCache full:https://registry.npmjs.org/rolldown cache-miss
201 http fetch GET 200 https://registry.npmjs.org/rolldown 101ms (cache miss)
202 silly packumentCache full:https://registry.npmjs.org/rolldown set size:undefined disposed:false
203 silly fetch manifest vite@^8.0.0
204 silly packumentCache full:https://registry.npmjs.org/vite cache-miss
205 http fetch GET 200 https://registry.npmjs.org/vite 1339ms (cache miss)
206 silly packumentCache full:https://registry.npmjs.org/vite set size:undefined disposed:false
207 silly fetch manifest @vitejs/devtools@^0.1.18
208 silly packumentCache full:https://registry.npmjs.org/@vitejs%2fdevtools cache-miss
209 http fetch GET 200 https://registry.npmjs.org/@vitejs%2fdevtools 80ms (cache miss)
210 silly packumentCache full:https://registry.npmjs.org/@vitejs%2fdevtools set size:undefined disposed:false
211 silly fetch manifest esbuild@^0.27.0 || ^0.28.0
212 silly packumentCache full:https://registry.npmjs.org/esbuild cache-miss
213 http fetch GET 200 https://registry.npmjs.org/esbuild 100ms (cache miss)
214 silly packumentCache full:https://registry.npmjs.org/esbuild set size:undefined disposed:false
215 silly fetch manifest jiti@>=1.21.0
216 silly packumentCache full:https://registry.npmjs.org/jiti cache-miss
217 http fetch GET 200 https://registry.npmjs.org/jiti 60ms (cache miss)
218 silly packumentCache full:https://registry.npmjs.org/jiti set size:undefined disposed:false
219 silly fetch manifest less@^4.0.0
220 silly packumentCache full:https://registry.npmjs.org/less cache-miss
221 http fetch GET 200 https://registry.npmjs.org/less 68ms (cache miss)
222 silly packumentCache full:https://registry.npmjs.org/less set size:undefined disposed:false
223 silly fetch manifest sass@^1.70.0
224 silly packumentCache full:https://registry.npmjs.org/sass cache-miss
225 http fetch GET 200 https://registry.npmjs.org/sass 73ms (cache miss)
226 silly packumentCache full:https://registry.npmjs.org/sass set size:undefined disposed:false
227 silly fetch manifest sass-embedded@^1.70.0
228 silly packumentCache full:https://registry.npmjs.org/sass-embedded cache-miss
229 http fetch GET 200 https://registry.npmjs.org/sass-embedded 62ms (cache miss)
230 silly packumentCache full:https://registry.npmjs.org/sass-embedded set size:undefined disposed:false
231 silly fetch manifest stylus@>=0.54.8
232 silly packumentCache full:https://registry.npmjs.org/stylus cache-miss
233 http fetch GET 200 https://registry.npmjs.org/stylus 66ms (cache miss)
234 silly packumentCache full:https://registry.npmjs.org/stylus set size:undefined disposed:false
235 silly fetch manifest sugarss@^5.0.0
236 silly packumentCache full:https://registry.npmjs.org/sugarss cache-miss
237 http fetch GET 200 https://registry.npmjs.org/sugarss 54ms (cache miss)
238 silly packumentCache full:https://registry.npmjs.org/sugarss set size:undefined disposed:false
239 silly fetch manifest postcss@^8.3.3
240 silly packumentCache full:https://registry.npmjs.org/postcss cache-miss
241 http fetch GET 200 https://registry.npmjs.org/postcss 70ms (cache miss)
242 silly packumentCache full:https://registry.npmjs.org/postcss set size:undefined disposed:false
243 silly fetch manifest terser@^5.16.0
244 silly packumentCache full:https://registry.npmjs.org/terser cache-miss
245 http fetch GET 200 https://registry.npmjs.org/terser 71ms (cache miss)
246 silly packumentCache full:https://registry.npmjs.org/terser set size:undefined disposed:false
247 silly fetch manifest tsx@^4.8.1
248 silly packumentCache full:https://registry.npmjs.org/tsx cache-miss
249 http fetch GET 200 https://registry.npmjs.org/tsx 64ms (cache miss)
250 silly packumentCache full:https://registry.npmjs.org/tsx set size:undefined disposed:false
251 silly fetch manifest yaml@^2.4.2
252 silly packumentCache full:https://registry.npmjs.org/yaml cache-miss
253 http fetch GET 200 https://registry.npmjs.org/yaml 59ms (cache miss)
254 silly packumentCache full:https://registry.npmjs.org/yaml set size:undefined disposed:false
255 silly fetch manifest babel-plugin-react-compiler@^1.0.0
256 silly packumentCache full:https://registry.npmjs.org/babel-plugin-react-compiler cache-miss
257 http fetch GET 200 https://registry.npmjs.org/babel-plugin-react-compiler 72ms (cache miss)
258 silly packumentCache full:https://registry.npmjs.org/babel-plugin-react-compiler set size:undefined disposed:false
259 silly fetch manifest @testing-library/react@*
260 silly packumentCache full:https://registry.npmjs.org/@testing-library%2freact cache-miss
261 http fetch GET 200 https://registry.npmjs.org/@testing-library%2freact 77ms (cache miss)
262 silly packumentCache full:https://registry.npmjs.org/@testing-library%2freact set size:undefined disposed:false
263 silly fetch manifest @testing-library/dom@^10.0.0
264 silly packumentCache full:https://registry.npmjs.org/@testing-library%2fdom cache-miss
265 http fetch GET 200 https://registry.npmjs.org/@testing-library%2fdom 90ms (cache miss)
266 silly packumentCache full:https://registry.npmjs.org/@testing-library%2fdom set size:undefined disposed:false
267 silly fetch manifest @types/react@^19
268 silly packumentCache full:https://registry.npmjs.org/@types%2freact cache-miss
269 http fetch GET 200 https://registry.npmjs.org/@types%2freact 100ms (cache miss)
270 silly packumentCache full:https://registry.npmjs.org/@types%2freact set size:undefined disposed:false
271 silly fetch manifest @types/react-dom@^19
272 silly packumentCache full:https://registry.npmjs.org/@types%2freact-dom cache-miss
273 http fetch GET 200 https://registry.npmjs.org/@types%2freact-dom 92ms (cache miss)
274 silly packumentCache full:https://registry.npmjs.org/@types%2freact-dom set size:undefined disposed:false
275 silly fetch manifest react@19.2.4
276 silly packumentCache full:https://registry.npmjs.org/react cache-miss
277 http fetch GET 200 https://registry.npmjs.org/react 175ms (cache miss)
278 silly packumentCache full:https://registry.npmjs.org/react set size:undefined disposed:false
279 silly fetch manifest react-dom@19.2.4
280 silly packumentCache full:https://registry.npmjs.org/react-dom cache-miss
281 http fetch GET 200 https://registry.npmjs.org/react-dom 205ms (cache miss)
282 silly packumentCache full:https://registry.npmjs.org/react-dom set size:undefined disposed:false
283 silly fetch manifest @testing-library/jest-dom@*
284 silly packumentCache full:https://registry.npmjs.org/@testing-library%2fjest-dom cache-miss
285 http fetch GET 200 https://registry.npmjs.org/@testing-library%2fjest-dom 73ms (cache miss)
286 silly packumentCache full:https://registry.npmjs.org/@testing-library%2fjest-dom set size:undefined disposed:false
287 silly placeDep ROOT @testing-library/jest-dom@6.9.1 OK for: airflowlablanding@0.1.0 want: *
288 silly placeDep ROOT @testing-library/react@16.3.2 OK for: airflowlablanding@0.1.0 want: *
289 silly placeDep ROOT @testing-library/dom@10.4.1 OK for: @testing-library/react@16.3.2 want: ^10.0.0
290 silly placeDep ROOT @vitejs/plugin-react@6.0.1 OK for: airflowlablanding@0.1.0 want: *
291 silly placeDep ROOT vite@8.0.12 OK for: @vitejs/plugin-react@6.0.1 want: ^8.0.0
292 silly placeDep ROOT jsdom@29.1.1 OK for: airflowlablanding@0.1.0 want: *
293 silly placeDep ROOT prettier@3.8.3 OK for: airflowlablanding@0.1.0 want: *
294 silly placeDep ROOT prettier-plugin-tailwindcss@0.8.0 OK for: airflowlablanding@0.1.0 want: *
295 silly placeDep ROOT vitest@4.1.6 OK for: airflowlablanding@0.1.0 want: *
296 silly fetch manifest redent@^3.0.0
297 silly packumentCache full:https://registry.npmjs.org/redent cache-miss
298 silly fetch manifest css.escape@^1.5.1
299 silly packumentCache full:https://registry.npmjs.org/css.escape cache-miss
300 silly fetch manifest @adobe/css-tools@^4.4.0
301 silly packumentCache full:https://registry.npmjs.org/@adobe%2fcss-tools cache-miss
302 silly fetch manifest dom-accessibility-api@^0.6.3
303 silly packumentCache full:https://registry.npmjs.org/dom-accessibility-api cache-miss
304 silly fetch manifest @babel/runtime@^7.12.5
305 silly packumentCache full:https://registry.npmjs.org/@babel%2fruntime cache-miss
306 silly fetch manifest lz-string@^1.5.0
307 silly packumentCache full:https://registry.npmjs.org/lz-string cache-miss
308 silly fetch manifest aria-query@5.3.0
309 silly packumentCache full:https://registry.npmjs.org/aria-query cache-miss
310 silly fetch manifest pretty-format@^27.0.2
311 silly packumentCache full:https://registry.npmjs.org/pretty-format cache-miss
312 silly fetch manifest @babel/runtime@^7.12.5
313 silly packumentCache full:https://registry.npmjs.org/@babel%2fruntime cache-miss
314 silly fetch manifest @types/aria-query@^5.0.1
315 silly packumentCache full:https://registry.npmjs.org/@types%2faria-query cache-miss
316 silly fetch manifest dom-accessibility-api@^0.5.9
317 silly packumentCache full:https://registry.npmjs.org/dom-accessibility-api cache-miss
318 silly fetch manifest @rolldown/pluginutils@1.0.0-rc.7
319 silly packumentCache full:https://registry.npmjs.org/@rolldown%2fpluginutils cache-miss
320 silly fetch manifest picomatch@^4.0.4
321 silly packumentCache full:https://registry.npmjs.org/picomatch cache-miss
322 silly fetch manifest rolldown@1.0.0
323 silly packumentCache full:https://registry.npmjs.org/rolldown cache-miss
324 silly fetch manifest fsevents@~2.3.3
325 silly packumentCache full:https://registry.npmjs.org/fsevents cache-miss
326 http cache https://registry.npmjs.org/rolldown 27ms (cache hit)
327 silly packumentCache full:https://registry.npmjs.org/rolldown set size:3707856 disposed:false
328 silly fetch manifest @asamuzakjp/css-color@^5.1.11
329 silly packumentCache full:https://registry.npmjs.org/@asamuzakjp%2fcss-color cache-miss
330 http cache https://registry.npmjs.org/@babel%2fruntime 51ms (cache hit)
331 silly packumentCache full:https://registry.npmjs.org/@babel%2fruntime set size:3404872 disposed:false
332 silly fetch manifest @asamuzakjp/dom-selector@^7.1.1
333 silly packumentCache full:https://registry.npmjs.org/@asamuzakjp%2fdom-selector cache-miss
334 http cache https://registry.npmjs.org/@babel%2fruntime 71ms (cache hit)
335 silly packumentCache full:https://registry.npmjs.org/@babel%2fruntime set size:3404872 disposed:false
336 silly fetch manifest @bramus/specificity@^2.4.2
337 silly packumentCache full:https://registry.npmjs.org/@bramus%2fspecificity cache-miss
338 http fetch GET 200 https://registry.npmjs.org/redent 114ms (cache miss)
339 silly packumentCache full:https://registry.npmjs.org/redent set size:undefined disposed:false
340 silly fetch manifest @csstools/css-syntax-patches-for-csstree@^1.1.3
341 silly packumentCache full:https://registry.npmjs.org/@csstools%2fcss-syntax-patches-for-csstree cache-miss
342 http fetch GET 200 https://registry.npmjs.org/css.escape 116ms (cache miss)
343 silly packumentCache full:https://registry.npmjs.org/css.escape set size:undefined disposed:false
344 silly fetch manifest @exodus/bytes@^1.15.0
345 silly packumentCache full:https://registry.npmjs.org/@exodus%2fbytes cache-miss
346 http fetch GET 200 https://registry.npmjs.org/@csstools%2fcss-syntax-patches-for-csstree 69ms (cache miss)
347 silly packumentCache full:https://registry.npmjs.org/@csstools%2fcss-syntax-patches-for-csstree set size:undefined disposed:false
348 silly fetch manifest css-tree@^3.2.1
349 silly packumentCache full:https://registry.npmjs.org/css-tree cache-miss
350 http fetch GET 200 https://registry.npmjs.org/@exodus%2fbytes 74ms (cache miss)
351 silly packumentCache full:https://registry.npmjs.org/@exodus%2fbytes set size:undefined disposed:false
352 silly fetch manifest data-urls@^7.0.0
353 silly packumentCache full:https://registry.npmjs.org/data-urls cache-miss
354 http fetch GET 200 https://registry.npmjs.org/lz-string 223ms (cache miss)
355 silly packumentCache full:https://registry.npmjs.org/lz-string set size:undefined disposed:false
356 silly fetch manifest decimal.js@^10.6.0
357 silly packumentCache full:https://registry.npmjs.org/decimal.js cache-miss
358 http fetch GET 200 https://registry.npmjs.org/aria-query 226ms (cache miss)
359 silly packumentCache full:https://registry.npmjs.org/aria-query set size:undefined disposed:false
360 silly fetch manifest html-encoding-sniffer@^6.0.0
361 silly packumentCache full:https://registry.npmjs.org/html-encoding-sniffer cache-miss
362 http fetch GET 200 https://registry.npmjs.org/dom-accessibility-api 244ms (cache miss)
363 silly packumentCache full:https://registry.npmjs.org/dom-accessibility-api set size:undefined disposed:false
364 silly fetch manifest is-potential-custom-element-name@^1.0.1
365 silly packumentCache full:https://registry.npmjs.org/is-potential-custom-element-name cache-miss
366 http fetch GET 200 https://registry.npmjs.org/dom-accessibility-api 246ms (cache miss)
367 silly packumentCache full:https://registry.npmjs.org/dom-accessibility-api set size:undefined disposed:false
368 silly fetch manifest lru-cache@^11.3.5
369 silly packumentCache full:https://registry.npmjs.org/lru-cache cache-miss
370 http fetch GET 200 https://registry.npmjs.org/@types%2faria-query 253ms (cache miss)
371 silly packumentCache full:https://registry.npmjs.org/@types%2faria-query set size:undefined disposed:false
372 silly fetch manifest parse5@^8.0.1
373 silly packumentCache full:https://registry.npmjs.org/parse5 cache-miss
374 http fetch GET 200 https://registry.npmjs.org/data-urls 64ms (cache miss)
375 silly packumentCache full:https://registry.npmjs.org/data-urls set size:undefined disposed:false
376 silly fetch manifest saxes@^6.0.0
377 silly packumentCache full:https://registry.npmjs.org/saxes cache-miss
378 http fetch GET 200 https://registry.npmjs.org/css-tree 73ms (cache miss)
379 silly packumentCache full:https://registry.npmjs.org/css-tree set size:undefined disposed:false
380 silly fetch manifest symbol-tree@^3.2.4
381 silly packumentCache full:https://registry.npmjs.org/symbol-tree cache-miss
382 http fetch GET 200 https://registry.npmjs.org/@adobe%2fcss-tools 262ms (cache miss)
383 silly packumentCache full:https://registry.npmjs.org/@adobe%2fcss-tools set size:undefined disposed:false
384 silly fetch manifest tough-cookie@^6.0.1
385 silly packumentCache full:https://registry.npmjs.org/tough-cookie cache-miss
386 http fetch GET 200 https://registry.npmjs.org/picomatch 262ms (cache miss)
387 silly packumentCache full:https://registry.npmjs.org/picomatch set size:undefined disposed:false
388 silly fetch manifest undici@^7.25.0
389 silly packumentCache full:https://registry.npmjs.org/undici cache-miss
390 http fetch GET 200 https://registry.npmjs.org/@rolldown%2fpluginutils 267ms (cache miss)
391 silly packumentCache full:https://registry.npmjs.org/@rolldown%2fpluginutils set size:undefined disposed:false
392 silly fetch manifest w3c-xmlserializer@^5.0.0
393 silly packumentCache full:https://registry.npmjs.org/w3c-xmlserializer cache-miss
394 http fetch GET 200 https://registry.npmjs.org/fsevents 269ms (cache miss)
395 silly packumentCache full:https://registry.npmjs.org/fsevents set size:undefined disposed:false
396 silly fetch manifest webidl-conversions@^8.0.1
397 silly packumentCache full:https://registry.npmjs.org/webidl-conversions cache-miss
398 http fetch GET 200 https://registry.npmjs.org/@bramus%2fspecificity 199ms (cache miss)
399 silly packumentCache full:https://registry.npmjs.org/@bramus%2fspecificity set size:undefined disposed:false
400 silly fetch manifest whatwg-mimetype@^5.0.0
401 silly packumentCache full:https://registry.npmjs.org/whatwg-mimetype cache-miss
402 http fetch GET 200 https://registry.npmjs.org/html-encoding-sniffer 62ms (cache miss)
403 silly packumentCache full:https://registry.npmjs.org/html-encoding-sniffer set size:undefined disposed:false
404 silly fetch manifest whatwg-url@^16.0.1
405 silly packumentCache full:https://registry.npmjs.org/whatwg-url cache-miss
406 http fetch GET 200 https://registry.npmjs.org/decimal.js 68ms (cache miss)
407 silly packumentCache full:https://registry.npmjs.org/decimal.js set size:undefined disposed:false
408 silly fetch manifest xml-name-validator@^5.0.0
409 silly packumentCache full:https://registry.npmjs.org/xml-name-validator cache-miss
410 http fetch GET 200 https://registry.npmjs.org/pretty-format 294ms (cache miss)
411 silly packumentCache full:https://registry.npmjs.org/pretty-format set size:undefined disposed:false
412 silly fetch manifest es-module-lexer@^2.0.0
413 silly packumentCache full:https://registry.npmjs.org/es-module-lexer cache-miss
414 http fetch GET 200 https://registry.npmjs.org/@asamuzakjp%2fcss-color 256ms (cache miss)
415 silly packumentCache full:https://registry.npmjs.org/@asamuzakjp%2fcss-color set size:undefined disposed:false
416 silly fetch manifest expect-type@^1.3.0
417 silly packumentCache full:https://registry.npmjs.org/expect-type cache-miss
418 http fetch GET 200 https://registry.npmjs.org/is-potential-custom-element-name 61ms (cache miss)
419 silly packumentCache full:https://registry.npmjs.org/is-potential-custom-element-name set size:undefined disposed:false
420 silly fetch manifest obug@^2.1.1
421 silly packumentCache full:https://registry.npmjs.org/obug cache-miss
422 http fetch GET 200 https://registry.npmjs.org/lru-cache 67ms (cache miss)
423 silly packumentCache full:https://registry.npmjs.org/lru-cache set size:undefined disposed:false
424 silly fetch manifest pathe@^2.0.3
425 silly packumentCache full:https://registry.npmjs.org/pathe cache-miss
426 http fetch GET 200 https://registry.npmjs.org/parse5 66ms (cache miss)
427 silly packumentCache full:https://registry.npmjs.org/parse5 set size:undefined disposed:false
428 silly fetch manifest picomatch@^4.0.3
429 silly packumentCache full:https://registry.npmjs.org/picomatch cache-miss
430 http fetch GET 200 https://registry.npmjs.org/symbol-tree 64ms (cache miss)
431 silly packumentCache full:https://registry.npmjs.org/symbol-tree set size:undefined disposed:false
432 silly fetch manifest std-env@^4.0.0-rc.1
433 silly packumentCache full:https://registry.npmjs.org/std-env cache-miss
434 http fetch GET 200 https://registry.npmjs.org/@asamuzakjp%2fdom-selector 259ms (cache miss)
435 silly packumentCache full:https://registry.npmjs.org/@asamuzakjp%2fdom-selector set size:undefined disposed:false
436 silly fetch manifest tinybench@^2.9.0
437 silly packumentCache full:https://registry.npmjs.org/tinybench cache-miss
438 http cache https://registry.npmjs.org/picomatch 17ms (cache hit)
439 silly packumentCache full:https://registry.npmjs.org/picomatch set size:126376 disposed:false
440 silly fetch manifest tinyexec@^1.0.2
441 silly packumentCache full:https://registry.npmjs.org/tinyexec cache-miss
442 http fetch GET 200 https://registry.npmjs.org/w3c-xmlserializer 76ms (cache miss)
443 silly packumentCache full:https://registry.npmjs.org/w3c-xmlserializer set size:undefined disposed:false
444 silly fetch manifest tinyrainbow@^3.1.0
445 silly packumentCache full:https://registry.npmjs.org/tinyrainbow cache-miss
446 http fetch GET 200 https://registry.npmjs.org/tough-cookie 85ms (cache miss)
447 silly packumentCache full:https://registry.npmjs.org/tough-cookie set size:undefined disposed:false
448 silly fetch manifest why-is-node-running@^2.3.0
449 silly packumentCache full:https://registry.npmjs.org/why-is-node-running cache-miss
450 http fetch GET 200 https://registry.npmjs.org/whatwg-mimetype 66ms (cache miss)
451 silly packumentCache full:https://registry.npmjs.org/whatwg-mimetype set size:undefined disposed:false
452 silly fetch manifest @vitest/mocker@4.1.6
453 silly packumentCache full:https://registry.npmjs.org/@vitest%2fmocker cache-miss
454 http fetch GET 200 https://registry.npmjs.org/webidl-conversions 81ms (cache miss)
455 silly packumentCache full:https://registry.npmjs.org/webidl-conversions set size:undefined disposed:false
456 silly fetch manifest @vitest/pretty-format@4.1.6
457 silly packumentCache full:https://registry.npmjs.org/@vitest%2fpretty-format cache-miss
458 http fetch GET 200 https://registry.npmjs.org/saxes 100ms (cache miss)
459 silly packumentCache full:https://registry.npmjs.org/saxes set size:undefined disposed:false
460 silly fetch manifest @vitest/runner@4.1.6
461 silly packumentCache full:https://registry.npmjs.org/@vitest%2frunner cache-miss
462 http fetch GET 200 https://registry.npmjs.org/xml-name-validator 68ms (cache miss)
463 silly packumentCache full:https://registry.npmjs.org/xml-name-validator set size:undefined disposed:false
464 silly fetch manifest @vitest/expect@4.1.6
465 silly packumentCache full:https://registry.npmjs.org/@vitest%2fexpect cache-miss
466 http fetch GET 200 https://registry.npmjs.org/whatwg-url 78ms (cache miss)
467 silly packumentCache full:https://registry.npmjs.org/whatwg-url set size:undefined disposed:false
468 silly fetch manifest @vitest/snapshot@4.1.6
469 silly packumentCache full:https://registry.npmjs.org/@vitest%2fsnapshot cache-miss
470 http fetch GET 200 https://registry.npmjs.org/obug 66ms (cache miss)
471 silly packumentCache full:https://registry.npmjs.org/obug set size:undefined disposed:false
472 silly fetch manifest @vitest/utils@4.1.6
473 silly packumentCache full:https://registry.npmjs.org/@vitest%2futils cache-miss
474 http fetch GET 200 https://registry.npmjs.org/expect-type 70ms (cache miss)
475 silly packumentCache full:https://registry.npmjs.org/expect-type set size:undefined disposed:false
476 silly fetch manifest @vitest/spy@4.1.6
477 silly packumentCache full:https://registry.npmjs.org/@vitest%2fspy cache-miss
478 http fetch GET 200 https://registry.npmjs.org/pathe 57ms (cache miss)
479 silly packumentCache full:https://registry.npmjs.org/pathe set size:undefined disposed:false
480 http fetch GET 200 https://registry.npmjs.org/es-module-lexer 78ms (cache miss)
481 silly packumentCache full:https://registry.npmjs.org/es-module-lexer set size:undefined disposed:false
482 http fetch GET 200 https://registry.npmjs.org/std-env 63ms (cache miss)
483 silly packumentCache full:https://registry.npmjs.org/std-env set size:undefined disposed:false
484 http fetch GET 200 https://registry.npmjs.org/tinyexec 57ms (cache miss)
485 silly packumentCache full:https://registry.npmjs.org/tinyexec set size:undefined disposed:false
486 http fetch GET 200 https://registry.npmjs.org/undici 135ms (cache miss)
487 silly packumentCache full:https://registry.npmjs.org/undici set size:undefined disposed:false
488 http fetch GET 200 https://registry.npmjs.org/tinyrainbow 64ms (cache miss)
489 silly packumentCache full:https://registry.npmjs.org/tinyrainbow set size:undefined disposed:false
490 http fetch GET 200 https://registry.npmjs.org/why-is-node-running 62ms (cache miss)
491 silly packumentCache full:https://registry.npmjs.org/why-is-node-running set size:undefined disposed:false
492 http fetch GET 200 https://registry.npmjs.org/@vitest%2fmocker 82ms (cache miss)
493 silly packumentCache full:https://registry.npmjs.org/@vitest%2fmocker set size:undefined disposed:false
494 http fetch GET 200 https://registry.npmjs.org/@vitest%2frunner 93ms (cache miss)
495 silly packumentCache full:https://registry.npmjs.org/@vitest%2frunner set size:undefined disposed:false
496 http fetch GET 200 https://registry.npmjs.org/@vitest%2fsnapshot 83ms (cache miss)
497 silly packumentCache full:https://registry.npmjs.org/@vitest%2fsnapshot set size:undefined disposed:false
498 http fetch GET 200 https://registry.npmjs.org/@vitest%2fexpect 94ms (cache miss)
499 silly packumentCache full:https://registry.npmjs.org/@vitest%2fexpect set size:undefined disposed:false
500 http fetch GET 200 https://registry.npmjs.org/@vitest%2fspy 89ms (cache miss)
501 silly packumentCache full:https://registry.npmjs.org/@vitest%2fspy set size:undefined disposed:false
502 http fetch GET 200 https://registry.npmjs.org/@vitest%2futils 95ms (cache miss)
503 silly packumentCache full:https://registry.npmjs.org/@vitest%2futils set size:undefined disposed:false
504 http fetch GET 200 https://registry.npmjs.org/tinybench 230ms (cache miss)
505 silly packumentCache full:https://registry.npmjs.org/tinybench set size:undefined disposed:false
506 http fetch GET 200 https://registry.npmjs.org/@vitest%2fpretty-format 265ms (cache miss)
507 silly packumentCache full:https://registry.npmjs.org/@vitest%2fpretty-format set size:undefined disposed:false
508 silly placeDep ROOT @babel/runtime@7.29.2 OK for: @testing-library/dom@10.4.1 want: ^7.12.5
509 silly placeDep ROOT @types/aria-query@5.0.4 OK for: @testing-library/dom@10.4.1 want: ^5.0.1
510 silly placeDep node_modules/@testing-library/dom aria-query@5.3.0 OK for: @testing-library/dom@10.4.1 want: 5.3.0
511 silly placeDep ROOT dom-accessibility-api@0.5.16 OK for: @testing-library/dom@10.4.1 want: ^0.5.9
512 silly placeDep ROOT lz-string@1.5.0 OK for: @testing-library/dom@10.4.1 want: ^1.5.0
513 silly placeDep ROOT pretty-format@27.5.1 OK for: @testing-library/dom@10.4.1 want: ^27.0.2
514 silly fetch manifest dequal@^2.0.3
515 silly packumentCache full:https://registry.npmjs.org/dequal cache-miss
516 silly fetch manifest react-is@^17.0.1
517 silly packumentCache full:https://registry.npmjs.org/react-is cache-miss
518 silly fetch manifest ansi-regex@^5.0.1
519 silly packumentCache full:https://registry.npmjs.org/ansi-regex cache-miss
520 silly fetch manifest ansi-styles@^5.0.0
521 silly packumentCache full:https://registry.npmjs.org/ansi-styles cache-miss
522 http fetch GET 200 https://registry.npmjs.org/ansi-regex 70ms (cache miss)
523 silly packumentCache full:https://registry.npmjs.org/ansi-regex set size:undefined disposed:false
524 http fetch GET 200 https://registry.npmjs.org/dequal 71ms (cache miss)
525 silly packumentCache full:https://registry.npmjs.org/dequal set size:undefined disposed:false
526 http fetch GET 200 https://registry.npmjs.org/ansi-styles 70ms (cache miss)
527 silly packumentCache full:https://registry.npmjs.org/ansi-styles set size:undefined disposed:false
528 http fetch GET 200 https://registry.npmjs.org/react-is 165ms (cache miss)
529 silly packumentCache full:https://registry.npmjs.org/react-is set size:undefined disposed:false
530 silly placeDep ROOT @adobe/css-tools@4.4.4 OK for: @testing-library/jest-dom@6.9.1 want: ^4.4.0
531 silly placeDep ROOT css.escape@1.5.1 OK for: @testing-library/jest-dom@6.9.1 want: ^1.5.1
532 silly placeDep node_modules/@testing-library/jest-dom dom-accessibility-api@0.6.3 OK for: @testing-library/jest-dom@6.9.1 want: ^0.6.3
533 silly placeDep ROOT redent@3.0.0 OK for: @testing-library/jest-dom@6.9.1 want: ^3.0.0
534 silly fetch manifest indent-string@^4.0.0
535 silly packumentCache full:https://registry.npmjs.org/indent-string cache-miss
536 silly fetch manifest strip-indent@^3.0.0
537 silly packumentCache full:https://registry.npmjs.org/strip-indent cache-miss
538 http fetch GET 200 https://registry.npmjs.org/indent-string 59ms (cache miss)
539 silly packumentCache full:https://registry.npmjs.org/indent-string set size:undefined disposed:false
540 http fetch GET 200 https://registry.npmjs.org/strip-indent 61ms (cache miss)
541 silly packumentCache full:https://registry.npmjs.org/strip-indent set size:undefined disposed:false
542 silly placeDep ROOT @rolldown/pluginutils@1.0.0-rc.7 OK for: @vitejs/plugin-react@6.0.1 want: 1.0.0-rc.7
543 silly fetch manifest @noble/hashes@^1.8.0 || ^2.0.0
544 silly packumentCache full:https://registry.npmjs.org/@noble%2fhashes cache-miss
545 http fetch GET 200 https://registry.npmjs.org/@noble%2fhashes 82ms (cache miss)
546 silly packumentCache full:https://registry.npmjs.org/@noble%2fhashes set size:undefined disposed:false
547 silly placeDep ROOT @asamuzakjp/css-color@5.1.11 OK for: jsdom@29.1.1 want: ^5.1.11
548 silly placeDep ROOT @asamuzakjp/dom-selector@7.1.1 OK for: jsdom@29.1.1 want: ^7.1.1
549 silly placeDep ROOT @bramus/specificity@2.4.2 OK for: jsdom@29.1.1 want: ^2.4.2
550 silly placeDep ROOT @csstools/css-syntax-patches-for-csstree@1.1.4 OK for: jsdom@29.1.1 want: ^1.1.3
551 silly placeDep ROOT @exodus/bytes@1.15.0 OK for: jsdom@29.1.1 want: ^1.15.0
552 silly placeDep ROOT css-tree@3.2.1 OK for: jsdom@29.1.1 want: ^3.2.1
553 silly placeDep ROOT data-urls@7.0.0 OK for: jsdom@29.1.1 want: ^7.0.0
554 silly placeDep ROOT decimal.js@10.6.0 OK for: jsdom@29.1.1 want: ^10.6.0
555 silly placeDep ROOT html-encoding-sniffer@6.0.0 OK for: jsdom@29.1.1 want: ^6.0.0
556 silly placeDep ROOT is-potential-custom-element-name@1.0.1 OK for: jsdom@29.1.1 want: ^1.0.1
557 silly placeDep node_modules/jsdom lru-cache@11.3.6 OK for: jsdom@29.1.1 want: ^11.3.5
558 silly placeDep ROOT parse5@8.0.1 OK for: jsdom@29.1.1 want: ^8.0.1
559 silly placeDep ROOT saxes@6.0.0 OK for: jsdom@29.1.1 want: ^6.0.0
560 silly placeDep ROOT symbol-tree@3.2.4 OK for: jsdom@29.1.1 want: ^3.2.4
561 silly placeDep ROOT tough-cookie@6.0.1 OK for: jsdom@29.1.1 want: ^6.0.1
562 silly placeDep ROOT undici@7.25.0 OK for: jsdom@29.1.1 want: ^7.25.0
563 silly placeDep ROOT w3c-xmlserializer@5.0.0 OK for: jsdom@29.1.1 want: ^5.0.0
564 silly placeDep ROOT webidl-conversions@8.0.1 OK for: jsdom@29.1.1 want: ^8.0.1
565 silly placeDep ROOT whatwg-mimetype@5.0.0 OK for: jsdom@29.1.1 want: ^5.0.0
566 silly placeDep ROOT whatwg-url@16.0.1 OK for: jsdom@29.1.1 want: ^16.0.1
567 silly placeDep ROOT xml-name-validator@5.0.0 OK for: jsdom@29.1.1 want: ^5.0.0
568 silly fetch manifest @csstools/css-calc@^3.2.0
569 silly packumentCache full:https://registry.npmjs.org/@csstools%2fcss-calc cache-miss
570 silly fetch manifest @csstools/css-tokenizer@^4.0.0
571 silly packumentCache full:https://registry.npmjs.org/@csstools%2fcss-tokenizer cache-miss
572 silly fetch manifest @csstools/css-color-parser@^4.1.0
573 silly packumentCache full:https://registry.npmjs.org/@csstools%2fcss-color-parser cache-miss
574 silly fetch manifest @asamuzakjp/generational-cache@^1.0.1
575 silly packumentCache full:https://registry.npmjs.org/@asamuzakjp%2fgenerational-cache cache-miss
576 silly fetch manifest @csstools/css-parser-algorithms@^4.0.0
577 silly packumentCache full:https://registry.npmjs.org/@csstools%2fcss-parser-algorithms cache-miss
578 silly fetch manifest bidi-js@^1.0.3
579 silly packumentCache full:https://registry.npmjs.org/bidi-js cache-miss
580 silly fetch manifest @asamuzakjp/nwsapi@^2.3.9
581 silly packumentCache full:https://registry.npmjs.org/@asamuzakjp%2fnwsapi cache-miss
582 silly fetch manifest @asamuzakjp/generational-cache@^1.0.1
583 silly packumentCache full:https://registry.npmjs.org/@asamuzakjp%2fgenerational-cache cache-miss
584 silly fetch manifest css-tree@^3.0.0
585 silly packumentCache full:https://registry.npmjs.org/css-tree cache-miss
586 silly fetch manifest mdn-data@2.27.1
587 silly packumentCache full:https://registry.npmjs.org/mdn-data cache-miss
588 silly fetch manifest whatwg-url@^16.0.0
589 silly packumentCache full:https://registry.npmjs.org/whatwg-url cache-miss
590 silly fetch manifest entities@^8.0.0
591 silly packumentCache full:https://registry.npmjs.org/entities cache-miss
592 silly fetch manifest xmlchars@^2.2.0
593 silly packumentCache full:https://registry.npmjs.org/xmlchars cache-miss
594 silly fetch manifest tldts@^7.0.5
595 silly packumentCache full:https://registry.npmjs.org/tldts cache-miss
596 silly fetch manifest tr46@^6.0.0
597 silly packumentCache full:https://registry.npmjs.org/tr46 cache-miss
598 http cache https://registry.npmjs.org/whatwg-url 11ms (cache hit)
599 silly packumentCache full:https://registry.npmjs.org/whatwg-url set size:170765 disposed:false
600 http cache https://registry.npmjs.org/css-tree 14ms (cache hit)
601 silly packumentCache full:https://registry.npmjs.org/css-tree set size:229638 disposed:false
602 http fetch GET 200 https://registry.npmjs.org/bidi-js 61ms (cache miss)
603 silly packumentCache full:https://registry.npmjs.org/bidi-js set size:undefined disposed:false
604 http fetch GET 200 https://registry.npmjs.org/xmlchars 62ms (cache miss)
605 silly packumentCache full:https://registry.npmjs.org/xmlchars set size:undefined disposed:false
606 http fetch GET 200 https://registry.npmjs.org/tr46 65ms (cache miss)
607 silly packumentCache full:https://registry.npmjs.org/tr46 set size:undefined disposed:false
608 http fetch GET 200 https://registry.npmjs.org/entities 68ms (cache miss)
609 silly packumentCache full:https://registry.npmjs.org/entities set size:undefined disposed:false
610 http fetch GET 200 https://registry.npmjs.org/@csstools%2fcss-tokenizer 71ms (cache miss)
611 silly packumentCache full:https://registry.npmjs.org/@csstools%2fcss-tokenizer set size:undefined disposed:false
612 http fetch GET 200 https://registry.npmjs.org/@asamuzakjp%2fgenerational-cache 76ms (cache miss)
613 silly packumentCache full:https://registry.npmjs.org/@asamuzakjp%2fgenerational-cache set size:undefined disposed:false
614 http fetch GET 200 https://registry.npmjs.org/@asamuzakjp%2fnwsapi 75ms (cache miss)
615 silly packumentCache full:https://registry.npmjs.org/@asamuzakjp%2fnwsapi set size:undefined disposed:false
616 http fetch GET 200 https://registry.npmjs.org/mdn-data 76ms (cache miss)
617 silly packumentCache full:https://registry.npmjs.org/mdn-data set size:undefined disposed:false
618 http fetch GET 200 https://registry.npmjs.org/@csstools%2fcss-calc 81ms (cache miss)
619 silly packumentCache full:https://registry.npmjs.org/@csstools%2fcss-calc set size:undefined disposed:false
620 http fetch GET 200 https://registry.npmjs.org/@asamuzakjp%2fgenerational-cache 81ms (cache miss)
621 silly packumentCache full:https://registry.npmjs.org/@asamuzakjp%2fgenerational-cache set size:undefined disposed:false
622 http fetch GET 200 https://registry.npmjs.org/@csstools%2fcss-parser-algorithms 93ms (cache miss)
623 silly packumentCache full:https://registry.npmjs.org/@csstools%2fcss-parser-algorithms set size:undefined disposed:false
624 http fetch GET 200 https://registry.npmjs.org/@csstools%2fcss-color-parser 255ms (cache miss)
625 silly packumentCache full:https://registry.npmjs.org/@csstools%2fcss-color-parser set size:undefined disposed:false
626 http fetch GET 200 https://registry.npmjs.org/tldts 307ms (cache miss)
627 silly packumentCache full:https://registry.npmjs.org/tldts set size:undefined disposed:false
628 silly placeDep ROOT @asamuzakjp/generational-cache@1.0.1 OK for: @asamuzakjp/css-color@5.1.11 want: ^1.0.1
629 silly placeDep ROOT @csstools/css-calc@3.2.1 OK for: @asamuzakjp/css-color@5.1.11 want: ^3.2.0
630 silly placeDep ROOT @csstools/css-parser-algorithms@4.0.0 OK for: @csstools/css-calc@3.2.1 want: ^4.0.0
631 silly placeDep ROOT @csstools/css-tokenizer@4.0.0 OK for: @csstools/css-parser-algorithms@4.0.0 want: ^4.0.0
632 silly placeDep ROOT @csstools/css-color-parser@4.1.1 OK for: @asamuzakjp/css-color@5.1.11 want: ^4.1.0
633 silly fetch manifest @csstools/color-helpers@^6.0.2
634 silly packumentCache full:https://registry.npmjs.org/@csstools%2fcolor-helpers cache-miss
635 http fetch GET 200 https://registry.npmjs.org/@csstools%2fcolor-helpers 76ms (cache miss)
636 silly packumentCache full:https://registry.npmjs.org/@csstools%2fcolor-helpers set size:undefined disposed:false
637 silly placeDep ROOT @asamuzakjp/nwsapi@2.3.9 OK for: @asamuzakjp/dom-selector@7.1.1 want: ^2.3.9
638 silly placeDep ROOT bidi-js@1.0.3 OK for: @asamuzakjp/dom-selector@7.1.1 want: ^1.0.3
639 silly fetch manifest require-from-string@^2.0.2
640 silly packumentCache full:https://registry.npmjs.org/require-from-string cache-miss
641 http fetch GET 200 https://registry.npmjs.org/require-from-string 56ms (cache miss)
642 silly packumentCache full:https://registry.npmjs.org/require-from-string set size:undefined disposed:false
643 silly placeDep ROOT @csstools/color-helpers@6.0.2 OK for: @csstools/css-color-parser@4.1.1 want: ^6.0.2
644 silly placeDep ROOT require-from-string@2.0.2 OK for: bidi-js@1.0.3 want: ^2.0.2
645 silly placeDep ROOT mdn-data@2.27.1 OK for: css-tree@3.2.1 want: 2.27.1
646 silly placeDep ROOT entities@8.0.0 OK for: parse5@8.0.1 want: ^8.0.0
647 silly placeDep ROOT ansi-regex@5.0.1 OK for: pretty-format@27.5.1 want: ^5.0.1
648 silly placeDep node_modules/pretty-format ansi-styles@5.2.0 OK for: pretty-format@27.5.1 want: ^5.0.0
649 silly placeDep node_modules/pretty-format react-is@17.0.2 OK for: pretty-format@27.5.1 want: ^17.0.1
650 silly placeDep ROOT indent-string@4.0.0 OK for: redent@3.0.0 want: ^4.0.0
651 silly placeDep ROOT strip-indent@3.0.0 OK for: redent@3.0.0 want: ^3.0.0
652 silly fetch manifest min-indent@^1.0.0
653 silly packumentCache full:https://registry.npmjs.org/min-indent cache-miss
654 http fetch GET 200 https://registry.npmjs.org/min-indent 57ms (cache miss)
655 silly packumentCache full:https://registry.npmjs.org/min-indent set size:undefined disposed:false
656 silly placeDep ROOT xmlchars@2.2.0 OK for: saxes@6.0.0 want: ^2.2.0
657 silly placeDep ROOT min-indent@1.0.1 OK for: strip-indent@3.0.0 want: ^1.0.0
658 silly placeDep ROOT tldts@7.0.30 OK for: tough-cookie@6.0.1 want: ^7.0.5
659 silly fetch manifest tldts-core@^7.0.30
660 silly packumentCache full:https://registry.npmjs.org/tldts-core cache-miss
661 http fetch GET 200 https://registry.npmjs.org/tldts-core 179ms (cache miss)
662 silly packumentCache full:https://registry.npmjs.org/tldts-core set size:undefined disposed:false
663 silly placeDep ROOT tldts-core@7.0.30 OK for: tldts@7.0.30 want: ^7.0.30
664 silly placeDep ROOT fsevents@2.3.3 OK for: vite@8.0.12 want: ~2.3.3
665 silly placeDep node_modules/vite picomatch@4.0.4 OK for: vite@8.0.12 want: ^4.0.4
666 silly placeDep ROOT rolldown@1.0.0 OK for: vite@8.0.12 want: 1.0.0
667 silly fetch manifest @oxc-project/types@=0.129.0
668 silly packumentCache full:https://registry.npmjs.org/@oxc-project%2ftypes cache-miss
669 silly fetch manifest @rolldown/pluginutils@1.0.0
670 silly packumentCache full:https://registry.npmjs.org/@rolldown%2fpluginutils cache-miss
671 silly fetch manifest @rolldown/binding-darwin-x64@1.0.0
672 silly packumentCache full:https://registry.npmjs.org/@rolldown%2fbinding-darwin-x64 cache-miss
673 silly fetch manifest @rolldown/binding-freebsd-x64@1.0.0
674 silly packumentCache full:https://registry.npmjs.org/@rolldown%2fbinding-freebsd-x64 cache-miss
675 silly fetch manifest @rolldown/binding-wasm32-wasi@1.0.0
676 silly packumentCache full:https://registry.npmjs.org/@rolldown%2fbinding-wasm32-wasi cache-miss
677 silly fetch manifest @rolldown/binding-darwin-arm64@1.0.0
678 silly packumentCache full:https://registry.npmjs.org/@rolldown%2fbinding-darwin-arm64 cache-miss
679 silly fetch manifest @rolldown/binding-android-arm64@1.0.0
680 silly packumentCache full:https://registry.npmjs.org/@rolldown%2fbinding-android-arm64 cache-miss
681 silly fetch manifest @rolldown/binding-linux-x64-gnu@1.0.0
682 silly packumentCache full:https://registry.npmjs.org/@rolldown%2fbinding-linux-x64-gnu cache-miss
683 silly fetch manifest @rolldown/binding-linux-x64-musl@1.0.0
684 silly packumentCache full:https://registry.npmjs.org/@rolldown%2fbinding-linux-x64-musl cache-miss
685 silly fetch manifest @rolldown/binding-win32-x64-msvc@1.0.0
686 silly packumentCache full:https://registry.npmjs.org/@rolldown%2fbinding-win32-x64-msvc cache-miss
687 silly fetch manifest @rolldown/binding-linux-arm64-gnu@1.0.0
688 silly packumentCache full:https://registry.npmjs.org/@rolldown%2fbinding-linux-arm64-gnu cache-miss
689 silly fetch manifest @rolldown/binding-linux-ppc64-gnu@1.0.0
690 silly packumentCache full:https://registry.npmjs.org/@rolldown%2fbinding-linux-ppc64-gnu cache-miss
691 silly fetch manifest @rolldown/binding-linux-s390x-gnu@1.0.0
692 silly packumentCache full:https://registry.npmjs.org/@rolldown%2fbinding-linux-s390x-gnu cache-miss
693 silly fetch manifest @rolldown/binding-linux-arm64-musl@1.0.0
694 silly packumentCache full:https://registry.npmjs.org/@rolldown%2fbinding-linux-arm64-musl cache-miss
695 silly fetch manifest @rolldown/binding-win32-arm64-msvc@1.0.0
696 silly packumentCache full:https://registry.npmjs.org/@rolldown%2fbinding-win32-arm64-msvc cache-miss
697 http cache https://registry.npmjs.org/@rolldown%2fpluginutils 12ms (cache hit)
698 silly packumentCache full:https://registry.npmjs.org/@rolldown%2fpluginutils set size:300388 disposed:false
699 silly fetch manifest @rolldown/binding-openharmony-arm64@1.0.0
700 silly packumentCache full:https://registry.npmjs.org/@rolldown%2fbinding-openharmony-arm64 cache-miss
701 http fetch GET 200 https://registry.npmjs.org/@rolldown%2fbinding-linux-ppc64-gnu 69ms (cache miss)
702 silly packumentCache full:https://registry.npmjs.org/@rolldown%2fbinding-linux-ppc64-gnu set size:undefined disposed:false
703 silly fetch manifest @rolldown/binding-linux-arm-gnueabihf@1.0.0
704 silly packumentCache full:https://registry.npmjs.org/@rolldown%2fbinding-linux-arm-gnueabihf cache-miss
705 http fetch GET 200 https://registry.npmjs.org/@rolldown%2fbinding-android-arm64 77ms (cache miss)
706 silly packumentCache full:https://registry.npmjs.org/@rolldown%2fbinding-android-arm64 set size:undefined disposed:false
707 http fetch GET 200 https://registry.npmjs.org/@rolldown%2fbinding-linux-s390x-gnu 78ms (cache miss)
708 silly packumentCache full:https://registry.npmjs.org/@rolldown%2fbinding-linux-s390x-gnu set size:undefined disposed:false
709 http fetch GET 200 https://registry.npmjs.org/@oxc-project%2ftypes 82ms (cache miss)
710 silly packumentCache full:https://registry.npmjs.org/@oxc-project%2ftypes set size:undefined disposed:false
711 http fetch GET 200 https://registry.npmjs.org/@rolldown%2fbinding-openharmony-arm64 70ms (cache miss)
712 silly packumentCache full:https://registry.npmjs.org/@rolldown%2fbinding-openharmony-arm64 set size:undefined disposed:false
713 http fetch GET 200 https://registry.npmjs.org/@rolldown%2fbinding-freebsd-x64 133ms (cache miss)
714 silly packumentCache full:https://registry.npmjs.org/@rolldown%2fbinding-freebsd-x64 set size:undefined disposed:false
715 http fetch GET 200 https://registry.npmjs.org/@rolldown%2fbinding-wasm32-wasi 139ms (cache miss)
716 silly packumentCache full:https://registry.npmjs.org/@rolldown%2fbinding-wasm32-wasi set size:undefined disposed:false
717 http fetch GET 200 https://registry.npmjs.org/@rolldown%2fbinding-darwin-arm64 147ms (cache miss)
718 silly packumentCache full:https://registry.npmjs.org/@rolldown%2fbinding-darwin-arm64 set size:undefined disposed:false
719 http fetch GET 200 https://registry.npmjs.org/@rolldown%2fbinding-linux-arm64-gnu 158ms (cache miss)
720 silly packumentCache full:https://registry.npmjs.org/@rolldown%2fbinding-linux-arm64-gnu set size:undefined disposed:false
721 http fetch GET 200 https://registry.npmjs.org/@rolldown%2fbinding-win32-x64-msvc 166ms (cache miss)
722 silly packumentCache full:https://registry.npmjs.org/@rolldown%2fbinding-win32-x64-msvc set size:undefined disposed:false
723 http fetch GET 200 https://registry.npmjs.org/@rolldown%2fbinding-darwin-x64 175ms (cache miss)
724 silly packumentCache full:https://registry.npmjs.org/@rolldown%2fbinding-darwin-x64 set size:undefined disposed:false
725 http fetch GET 200 https://registry.npmjs.org/@rolldown%2fbinding-win32-arm64-msvc 189ms (cache miss)
726 silly packumentCache full:https://registry.npmjs.org/@rolldown%2fbinding-win32-arm64-msvc set size:undefined disposed:false
727 http fetch GET 200 https://registry.npmjs.org/@rolldown%2fbinding-linux-arm64-musl 196ms (cache miss)
728 silly packumentCache full:https://registry.npmjs.org/@rolldown%2fbinding-linux-arm64-musl set size:undefined disposed:false
729 http fetch GET 200 https://registry.npmjs.org/@rolldown%2fbinding-linux-x64-gnu 203ms (cache miss)
730 silly packumentCache full:https://registry.npmjs.org/@rolldown%2fbinding-linux-x64-gnu set size:undefined disposed:false
731 http fetch GET 200 https://registry.npmjs.org/@rolldown%2fbinding-linux-x64-musl 211ms (cache miss)
732 silly packumentCache full:https://registry.npmjs.org/@rolldown%2fbinding-linux-x64-musl set size:undefined disposed:false
733 http fetch GET 200 https://registry.npmjs.org/@rolldown%2fbinding-linux-arm-gnueabihf 153ms (cache miss)
734 silly packumentCache full:https://registry.npmjs.org/@rolldown%2fbinding-linux-arm-gnueabihf set size:undefined disposed:false
735 silly placeDep ROOT @oxc-project/types@0.129.0 OK for: rolldown@1.0.0 want: =0.129.0
736 silly placeDep ROOT @rolldown/binding-android-arm64@1.0.0 OK for: rolldown@1.0.0 want: 1.0.0
737 silly placeDep ROOT @rolldown/binding-darwin-arm64@1.0.0 OK for: rolldown@1.0.0 want: 1.0.0
738 silly placeDep ROOT @rolldown/binding-darwin-x64@1.0.0 OK for: rolldown@1.0.0 want: 1.0.0
739 silly placeDep ROOT @rolldown/binding-freebsd-x64@1.0.0 OK for: rolldown@1.0.0 want: 1.0.0
740 silly placeDep ROOT @rolldown/binding-linux-arm-gnueabihf@1.0.0 OK for: rolldown@1.0.0 want: 1.0.0
741 silly placeDep ROOT @rolldown/binding-linux-arm64-gnu@1.0.0 OK for: rolldown@1.0.0 want: 1.0.0
742 silly placeDep ROOT @rolldown/binding-linux-arm64-musl@1.0.0 OK for: rolldown@1.0.0 want: 1.0.0
743 silly placeDep ROOT @rolldown/binding-linux-ppc64-gnu@1.0.0 OK for: rolldown@1.0.0 want: 1.0.0
744 silly placeDep ROOT @rolldown/binding-linux-s390x-gnu@1.0.0 OK for: rolldown@1.0.0 want: 1.0.0
745 silly placeDep ROOT @rolldown/binding-linux-x64-gnu@1.0.0 OK for: rolldown@1.0.0 want: 1.0.0
746 silly placeDep ROOT @rolldown/binding-linux-x64-musl@1.0.0 OK for: rolldown@1.0.0 want: 1.0.0
747 silly placeDep ROOT @rolldown/binding-openharmony-arm64@1.0.0 OK for: rolldown@1.0.0 want: 1.0.0
748 silly placeDep ROOT @rolldown/binding-wasm32-wasi@1.0.0 OK for: rolldown@1.0.0 want: 1.0.0
749 silly placeDep ROOT @rolldown/binding-win32-arm64-msvc@1.0.0 OK for: rolldown@1.0.0 want: 1.0.0
750 silly placeDep ROOT @rolldown/binding-win32-x64-msvc@1.0.0 OK for: rolldown@1.0.0 want: 1.0.0
751 silly placeDep node_modules/rolldown @rolldown/pluginutils@1.0.0 OK for: rolldown@1.0.0 want: 1.0.0
752 silly fetch manifest @napi-rs/wasm-runtime@^1.1.4
753 silly packumentCache full:https://registry.npmjs.org/@napi-rs%2fwasm-runtime cache-miss
754 http fetch GET 200 https://registry.npmjs.org/@napi-rs%2fwasm-runtime 72ms (cache miss)
755 silly packumentCache full:https://registry.npmjs.org/@napi-rs%2fwasm-runtime set size:undefined disposed:false
756 silly fetch manifest @emnapi/core@1.10.0
757 silly packumentCache full:https://registry.npmjs.org/@emnapi%2fcore cache-miss
758 http fetch GET 200 https://registry.npmjs.org/@emnapi%2fcore 80ms (cache miss)
759 silly packumentCache full:https://registry.npmjs.org/@emnapi%2fcore set size:undefined disposed:false
760 silly fetch manifest @emnapi/runtime@1.10.0
761 silly packumentCache full:https://registry.npmjs.org/@emnapi%2fruntime cache-miss
762 http fetch GET 200 https://registry.npmjs.org/@emnapi%2fruntime 72ms (cache miss)
763 silly packumentCache full:https://registry.npmjs.org/@emnapi%2fruntime set size:undefined disposed:false
764 silly placeDep node_modules/@rolldown/binding-wasm32-wasi @napi-rs/wasm-runtime@1.1.4 OK for: @rolldown/binding-wasm32-wasi@1.0.0 want: ^1.1.4
765 silly fetch manifest msw@^2.4.9
766 silly packumentCache full:https://registry.npmjs.org/msw cache-miss
767 http fetch GET 200 https://registry.npmjs.org/msw 81ms (cache miss)
768 silly packumentCache full:https://registry.npmjs.org/msw set size:undefined disposed:false
769 silly fetch manifest typescript@>= 4.8.x
770 silly packumentCache full:https://registry.npmjs.org/typescript cache-miss
771 http cache https://registry.npmjs.org/typescript 24ms (cache hit)
772 silly packumentCache full:https://registry.npmjs.org/typescript set size:15409943 disposed:false
773 silly fetch manifest vite@^6.0.0 || ^7.0.0 || ^8.0.0
774 silly packumentCache full:https://registry.npmjs.org/vite cache-miss
775 http cache https://registry.npmjs.org/vite 65ms (cache hit)
776 silly packumentCache full:https://registry.npmjs.org/vite set size:38832758 disposed:false
777 silly fetch manifest @types/node@^20.0.0 || ^22.0.0 || >=24.0.0
778 silly packumentCache full:https://registry.npmjs.org/@types%2fnode cache-miss
779 http cache https://registry.npmjs.org/@types%2fnode 19ms (cache hit)
780 silly packumentCache full:https://registry.npmjs.org/@types%2fnode set size:11004479 disposed:false
781 silly placeDep ROOT @vitest/expect@4.1.6 OK for: vitest@4.1.6 want: 4.1.6
782 silly placeDep ROOT @vitest/mocker@4.1.6 OK for: vitest@4.1.6 want: 4.1.6
783 silly placeDep ROOT @vitest/pretty-format@4.1.6 OK for: vitest@4.1.6 want: 4.1.6
784 silly placeDep ROOT @vitest/runner@4.1.6 OK for: vitest@4.1.6 want: 4.1.6
785 silly placeDep ROOT @vitest/snapshot@4.1.6 OK for: vitest@4.1.6 want: 4.1.6
786 silly placeDep ROOT @vitest/spy@4.1.6 OK for: vitest@4.1.6 want: 4.1.6
787 silly placeDep ROOT @vitest/utils@4.1.6 OK for: vitest@4.1.6 want: 4.1.6
788 silly placeDep ROOT es-module-lexer@2.1.0 OK for: vitest@4.1.6 want: ^2.0.0
789 silly placeDep ROOT expect-type@1.3.0 OK for: vitest@4.1.6 want: ^1.3.0
790 silly placeDep ROOT obug@2.1.1 OK for: vitest@4.1.6 want: ^2.1.1
791 silly placeDep ROOT pathe@2.0.3 OK for: vitest@4.1.6 want: ^2.0.3
792 silly placeDep node_modules/vitest picomatch@4.0.4 OK for: vitest@4.1.6 want: ^4.0.3
793 silly placeDep ROOT std-env@4.1.0 OK for: vitest@4.1.6 want: ^4.0.0-rc.1
794 silly placeDep ROOT tinybench@2.9.0 OK for: vitest@4.1.6 want: ^2.9.0
795 silly placeDep ROOT tinyexec@1.1.2 OK for: vitest@4.1.6 want: ^1.0.2
796 silly placeDep ROOT tinyrainbow@3.1.0 OK for: vitest@4.1.6 want: ^3.1.0
797 silly placeDep ROOT why-is-node-running@2.3.0 OK for: vitest@4.1.6 want: ^2.3.0
798 silly fetch manifest @standard-schema/spec@^1.1.0
799 silly packumentCache full:https://registry.npmjs.org/@standard-schema%2fspec cache-miss
800 silly fetch manifest @types/chai@^5.2.2
801 silly packumentCache full:https://registry.npmjs.org/@types%2fchai cache-miss
802 silly fetch manifest chai@^6.2.2
803 silly packumentCache full:https://registry.npmjs.org/chai cache-miss
804 silly fetch manifest estree-walker@^3.0.3
805 silly packumentCache full:https://registry.npmjs.org/estree-walker cache-miss
806 silly fetch manifest siginfo@^2.0.0
807 silly packumentCache full:https://registry.npmjs.org/siginfo cache-miss
808 silly fetch manifest stackback@0.0.2
809 silly packumentCache full:https://registry.npmjs.org/stackback cache-miss
810 http fetch GET 200 https://registry.npmjs.org/siginfo 57ms (cache miss)
811 silly packumentCache full:https://registry.npmjs.org/siginfo set size:undefined disposed:false
812 http fetch GET 200 https://registry.npmjs.org/estree-walker 59ms (cache miss)
813 silly packumentCache full:https://registry.npmjs.org/estree-walker set size:undefined disposed:false
814 http fetch GET 200 https://registry.npmjs.org/stackback 60ms (cache miss)
815 silly packumentCache full:https://registry.npmjs.org/stackback set size:undefined disposed:false
816 http fetch GET 200 https://registry.npmjs.org/chai 63ms (cache miss)
817 silly packumentCache full:https://registry.npmjs.org/chai set size:undefined disposed:false
818 http fetch GET 200 https://registry.npmjs.org/@standard-schema%2fspec 69ms (cache miss)
819 silly packumentCache full:https://registry.npmjs.org/@standard-schema%2fspec set size:undefined disposed:false
820 http fetch GET 200 https://registry.npmjs.org/@types%2fchai 74ms (cache miss)
821 silly packumentCache full:https://registry.npmjs.org/@types%2fchai set size:undefined disposed:false
822 silly placeDep ROOT @standard-schema/spec@1.1.0 OK for: @vitest/expect@4.1.6 want: ^1.1.0
823 silly placeDep ROOT @types/chai@5.2.3 OK for: @vitest/expect@4.1.6 want: ^5.2.2
824 silly placeDep ROOT chai@6.2.2 OK for: @vitest/expect@4.1.6 want: ^6.2.2
825 silly fetch manifest @types/deep-eql@*
826 silly packumentCache full:https://registry.npmjs.org/@types%2fdeep-eql cache-miss
827 silly fetch manifest assertion-error@^2.0.1
828 silly packumentCache full:https://registry.npmjs.org/assertion-error cache-miss
829 http fetch GET 200 https://registry.npmjs.org/assertion-error 56ms (cache miss)
830 silly packumentCache full:https://registry.npmjs.org/assertion-error set size:undefined disposed:false
831 http fetch GET 200 https://registry.npmjs.org/@types%2fdeep-eql 76ms (cache miss)
832 silly packumentCache full:https://registry.npmjs.org/@types%2fdeep-eql set size:undefined disposed:false
833 silly placeDep ROOT @types/deep-eql@4.0.2 OK for: @types/chai@5.2.3 want: *
834 silly placeDep ROOT assertion-error@2.0.1 OK for: @types/chai@5.2.3 want: ^2.0.1
835 silly placeDep ROOT estree-walker@3.0.3 OK for: @vitest/mocker@4.1.6 want: ^3.0.3
836 silly placeDep ROOT tr46@6.0.0 OK for: whatwg-url@16.0.1 want: ^6.0.0
837 silly placeDep ROOT siginfo@2.0.0 OK for: why-is-node-running@2.3.0 want: ^2.0.0
838 silly placeDep ROOT stackback@0.0.2 OK for: why-is-node-running@2.3.0 want: 0.0.2
839 silly placeDep ROOT dequal@2.0.3 OK for: aria-query@5.3.0 want: ^2.0.3
840 silly reify moves {}
841 verbose reify failed optional dependency D:\airflowlablanding\node_modules\@tailwindcss\oxide-wasm32-wasi
842 silly reify mark deleted [
842 silly reify   'D:\\airflowlablanding\\node_modules\\@tailwindcss\\oxide-wasm32-wasi'
842 silly reify ]
843 silly audit bulk request {
843 silly audit   '@alloc/quick-lru': [ '5.2.0' ],
843 silly audit   '@babel/code-frame': [ '7.29.0' ],
843 silly audit   '@babel/compat-data': [ '7.29.3' ],
843 silly audit   '@babel/core': [ '7.29.0' ],
843 silly audit   '@babel/generator': [ '7.29.1' ],
843 silly audit   '@babel/helper-compilation-targets': [ '7.28.6' ],
843 silly audit   '@babel/helper-globals': [ '7.28.0' ],
843 silly audit   '@babel/helper-module-imports': [ '7.28.6' ],
843 silly audit   '@babel/helper-module-transforms': [ '7.28.6' ],
843 silly audit   '@babel/helper-string-parser': [ '7.27.1' ],
843 silly audit   '@babel/helper-validator-identifier': [ '7.28.5' ],
843 silly audit   '@babel/helper-validator-option': [ '7.27.1' ],
843 silly audit   '@babel/helpers': [ '7.29.2' ],
843 silly audit   '@babel/parser': [ '7.29.3' ],
843 silly audit   '@babel/template': [ '7.28.6' ],
843 silly audit   '@babel/traverse': [ '7.29.0' ],
843 silly audit   '@babel/types': [ '7.29.0' ],
843 silly audit   '@emnapi/core': [ '1.10.0' ],
843 silly audit   '@emnapi/runtime': [ '1.10.0' ],
843 silly audit   '@emnapi/wasi-threads': [ '1.2.1' ],
843 silly audit   '@eslint-community/eslint-utils': [ '4.9.1' ],
843 silly audit   'eslint-visitor-keys': [ '3.4.3', '5.0.1', '4.2.1' ],
843 silly audit   '@eslint-community/regexpp': [ '4.12.2' ],
843 silly audit   '@eslint/config-array': [ '0.21.2' ],
843 silly audit   '@eslint/config-helpers': [ '0.4.2' ],
843 silly audit   '@eslint/core': [ '0.17.0' ],
843 silly audit   '@eslint/eslintrc': [ '3.3.5' ],
843 silly audit   '@eslint/js': [ '9.39.4' ],
843 silly audit   '@eslint/object-schema': [ '2.1.7' ],
843 silly audit   '@eslint/plugin-kit': [ '0.4.1' ],
843 silly audit   '@humanfs/core': [ '0.19.2' ],
843 silly audit   '@humanfs/node': [ '0.16.8' ],
843 silly audit   '@humanfs/types': [ '0.15.0' ],
843 silly audit   '@humanwhocodes/module-importer': [ '1.0.1' ],
843 silly audit   '@humanwhocodes/retry': [ '0.4.3' ],
843 silly audit   '@img/colour': [ '1.1.0' ],
843 silly audit   '@img/sharp-darwin-arm64': [ '0.34.5' ],
843 silly audit   '@img/sharp-darwin-x64': [ '0.34.5' ],
843 silly audit   '@img/sharp-libvips-darwin-arm64': [ '1.2.4' ],
843 silly audit   '@img/sharp-libvips-darwin-x64': [ '1.2.4' ],
843 silly audit   '@img/sharp-libvips-linux-arm': [ '1.2.4' ],
843 silly audit   '@img/sharp-libvips-linux-arm64': [ '1.2.4' ],
843 silly audit   '@img/sharp-libvips-linux-ppc64': [ '1.2.4' ],
843 silly audit   '@img/sharp-libvips-linux-riscv64': [ '1.2.4' ],
843 silly audit   '@img/sharp-libvips-linux-s390x': [ '1.2.4' ],
843 silly audit   '@img/sharp-libvips-linux-x64': [ '1.2.4' ],
843 silly audit   '@img/sharp-libvips-linuxmusl-arm64': [ '1.2.4' ],
843 silly audit   '@img/sharp-libvips-linuxmusl-x64': [ '1.2.4' ],
843 silly audit   '@img/sharp-linux-arm': [ '0.34.5' ],
843 silly audit   '@img/sharp-linux-arm64': [ '0.34.5' ],
843 silly audit   '@img/sharp-linux-ppc64': [ '0.34.5' ],
843 silly audit   '@img/sharp-linux-riscv64': [ '0.34.5' ],
843 silly audit   '@img/sharp-linux-s390x': [ '0.34.5' ],
843 silly audit   '@img/sharp-linux-x64': [ '0.34.5' ],
843 silly audit   '@img/sharp-linuxmusl-arm64': [ '0.34.5' ],
843 silly audit   '@img/sharp-linuxmusl-x64': [ '0.34.5' ],
843 silly audit   '@img/sharp-wasm32': [ '0.34.5' ],
843 silly audit   '@img/sharp-win32-arm64': [ '0.34.5' ],
843 silly audit   '@img/sharp-win32-ia32': [ '0.34.5' ],
843 silly audit   '@img/sharp-win32-x64': [ '0.34.5' ],
843 silly audit   '@jridgewell/gen-mapping': [ '0.3.13' ],
843 silly audit   '@jridgewell/remapping': [ '2.3.5' ],
843 silly audit   '@jridgewell/resolve-uri': [ '3.1.2' ],
843 silly audit   '@jridgewell/sourcemap-codec': [ '1.5.5' ],
843 silly audit   '@jridgewell/trace-mapping': [ '0.3.31' ],
843 silly audit   '@napi-rs/wasm-runtime': [ '0.2.12', '1.1.4' ],
843 silly audit   '@next/env': [ '16.2.6' ],
843 silly audit   '@next/eslint-plugin-next': [ '16.2.6' ],
843 silly audit   '@next/swc-darwin-arm64': [ '16.2.6' ],
843 silly audit   '@next/swc-darwin-x64': [ '16.2.6' ],
843 silly audit   '@next/swc-linux-arm64-gnu': [ '16.2.6' ],
843 silly audit   '@next/swc-linux-arm64-musl': [ '16.2.6' ],
843 silly audit   '@next/swc-linux-x64-gnu': [ '16.2.6' ],
843 silly audit   '@next/swc-linux-x64-musl': [ '16.2.6' ],
843 silly audit   '@next/swc-win32-arm64-msvc': [ '16.2.6' ],
843 silly audit   '@next/swc-win32-x64-msvc': [ '16.2.6' ],
843 silly audit   '@nodelib/fs.scandir': [ '2.1.5' ],
843 silly audit   '@nodelib/fs.stat': [ '2.0.5' ],
843 silly audit   '@nodelib/fs.walk': [ '1.2.8' ],
843 silly audit   '@nolyfill/is-core-module': [ '1.0.39' ],
843 silly audit   '@rtsao/scc': [ '1.1.0' ],
843 silly audit   '@swc/helpers': [ '0.5.15' ],
843 silly audit   '@tailwindcss/node': [ '4.3.0' ],
843 silly audit   '@tailwindcss/oxide': [ '4.3.0' ],
843 silly audit   '@tailwindcss/oxide-android-arm64': [ '4.3.0' ],
843 silly audit   '@tailwindcss/oxide-darwin-arm64': [ '4.3.0' ],
843 silly audit   '@tailwindcss/oxide-darwin-x64': [ '4.3.0' ],
843 silly audit   '@tailwindcss/oxide-freebsd-x64': [ '4.3.0' ],
843 silly audit   '@tailwindcss/oxide-linux-arm-gnueabihf': [ '4.3.0' ],
843 silly audit   '@tailwindcss/oxide-linux-arm64-gnu': [ '4.3.0' ],
843 silly audit   '@tailwindcss/oxide-linux-arm64-musl': [ '4.3.0' ],
843 silly audit   '@tailwindcss/oxide-linux-x64-gnu': [ '4.3.0' ],
843 silly audit   '@tailwindcss/oxide-linux-x64-musl': [ '4.3.0' ],
843 silly audit   '@tailwindcss/oxide-win32-arm64-msvc': [ '4.3.0' ],
843 silly audit   '@tailwindcss/oxide-win32-x64-msvc': [ '4.3.0' ],
843 silly audit   '@tailwindcss/postcss': [ '4.3.0' ],
843 silly audit   '@tybys/wasm-util': [ '0.10.2' ],
843 silly audit   '@types/estree': [ '1.0.9' ],
843 silly audit   '@types/json-schema': [ '7.0.15' ],
843 silly audit   '@types/json5': [ '0.0.29' ],
843 silly audit   '@types/node': [ '20.19.41' ],
843 silly audit   '@types/react': [ '19.2.14' ],
843 silly audit   '@types/react-dom': [ '19.2.3' ],
843 silly audit   '@typescript-eslint/eslint-plugin': [ '8.59.3' ],
843 silly audit   ignore: [ '7.0.5', '5.3.2' ],
843 silly audit   '@typescript-eslint/parser': [ '8.59.3' ],
843 silly audit   '@typescript-eslint/project-service': [ '8.59.3' ],
843 silly audit   '@typescript-eslint/scope-manager': [ '8.59.3' ],
843 silly audit   '@typescript-eslint/tsconfig-utils': [ '8.59.3' ],
843 silly audit   '@typescript-eslint/type-utils': [ '8.59.3' ],
843 silly audit   '@typescript-eslint/types': [ '8.59.3' ],
843 silly audit   '@typescript-eslint/typescript-estree': [ '8.59.3' ],
843 silly audit   'balanced-match': [ '4.0.4', '1.0.2' ],
843 silly audit   'brace-expansion': [ '5.0.6', '1.1.14' ],
843 silly audit   minimatch: [ '10.2.5', '3.1.5' ],
843 silly audit   semver: [ '7.8.0', '6.3.1' ],
843 silly audit   '@typescript-eslint/utils': [ '8.59.3' ],
843 silly audit   '@typescript-eslint/visitor-keys': [ '8.59.3' ],
843 silly audit   '@unrs/resolver-binding-android-arm-eabi': [ '1.11.1' ],
843 silly audit   '@unrs/resolver-binding-android-arm64': [ '1.11.1' ],
843 silly audit   '@unrs/resolver-binding-darwin-arm64': [ '1.11.1' ],
843 silly audit   '@unrs/resolver-binding-darwin-x64': [ '1.11.1' ],
843 silly audit   '@unrs/resolver-binding-freebsd-x64': [ '1.11.1' ],
843 silly audit   '@unrs/resolver-binding-linux-arm-gnueabihf': [ '1.11.1' ],
843 silly audit   '@unrs/resolver-binding-linux-arm-musleabihf': [ '1.11.1' ],
843 silly audit   '@unrs/resolver-binding-linux-arm64-gnu': [ '1.11.1' ],
843 silly audit   '@unrs/resolver-binding-linux-arm64-musl': [ '1.11.1' ],
843 silly audit   '@unrs/resolver-binding-linux-ppc64-gnu': [ '1.11.1' ],
843 silly audit   '@unrs/resolver-binding-linux-riscv64-gnu': [ '1.11.1' ],
843 silly audit   '@unrs/resolver-binding-linux-riscv64-musl': [ '1.11.1' ],
843 silly audit   '@unrs/resolver-binding-linux-s390x-gnu': [ '1.11.1' ],
843 silly audit   '@unrs/resolver-binding-linux-x64-gnu': [ '1.11.1' ],
843 silly audit   '@unrs/resolver-binding-linux-x64-musl': [ '1.11.1' ],
843 silly audit   '@unrs/resolver-binding-wasm32-wasi': [ '1.11.1' ],
843 silly audit   '@unrs/resolver-binding-win32-arm64-msvc': [ '1.11.1' ],
843 silly audit   '@unrs/resolver-binding-win32-ia32-msvc': [ '1.11.1' ],
843 silly audit   '@unrs/resolver-binding-win32-x64-msvc': [ '1.11.1' ],
843 silly audit   acorn: [ '8.16.0' ],
843 silly audit   'acorn-jsx': [ '5.3.2' ],
843 silly audit   ajv: [ '6.15.0' ],
843 silly audit   'ansi-styles': [ '4.3.0', '5.2.0' ],
843 silly audit   argparse: [ '2.0.1' ],
843 silly audit   'aria-query': [ '5.3.2', '5.3.0' ],
843 silly audit   'array-buffer-byte-length': [ '1.0.2' ],
843 silly audit   'array-includes': [ '3.1.9' ],
843 silly audit   'array.prototype.findlast': [ '1.2.5' ],
843 silly audit   'array.prototype.findlastindex': [ '1.2.6' ],
843 silly audit   'array.prototype.flat': [ '1.3.3' ],
843 silly audit   'array.prototype.flatmap': [ '1.3.3' ],
843 silly audit   'array.prototype.tosorted': [ '1.1.4' ],
843 silly audit   'arraybuffer.prototype.slice': [ '1.0.4' ],
843 silly audit   'ast-types-flow': [ '0.0.8' ],
843 silly audit   'async-function': [ '1.0.0' ],
843 silly audit   'available-typed-arrays': [ '1.0.7' ],
843 silly audit   'axe-core': [ '4.11.4' ],
843 silly audit   'axobject-query': [ '4.1.0' ],
843 silly audit   'baseline-browser-mapping': [ '2.10.29' ],
843 silly audit   braces: [ '3.0.3' ],
843 silly audit   browserslist: [ '4.28.2' ],
843 silly audit   'call-bind': [ '1.0.9' ],
843 silly audit   'call-bind-apply-helpers': [ '1.0.2' ],
843 silly audit   'call-bound': [ '1.0.4' ],
843 silly audit   callsites: [ '3.1.0' ],
843 silly audit   'caniuse-lite': [ '1.0.30001792' ],
843 silly audit   chalk: [ '4.1.2' ],
843 silly audit   'client-only': [ '0.0.1' ],
843 silly audit   clsx: [ '2.1.1' ],
843 silly audit   'color-convert': [ '2.0.1' ],
843 silly audit   'color-name': [ '1.1.4' ],
843 silly audit   'concat-map': [ '0.0.1' ],
843 silly audit   'convert-source-map': [ '2.0.0' ],
843 silly audit   'cross-spawn': [ '7.0.6' ],
843 silly audit   csstype: [ '3.2.3' ],
843 silly audit   'damerau-levenshtein': [ '1.0.8' ],
843 silly audit   'data-view-buffer': [ '1.0.2' ],
843 silly audit   'data-view-byte-length': [ '1.0.2' ],
843 silly audit   'data-view-byte-offset': [ '1.0.1' ],
843 silly audit   debug: [ '4.4.3', '3.2.7' ],
843 silly audit   'deep-is': [ '0.1.4' ],
843 silly audit   'define-data-property': [ '1.1.4' ],
843 silly audit   'define-properties': [ '1.2.1' ],
843 silly audit   'detect-libc': [ '2.1.2' ],
843 silly audit   doctrine: [ '2.1.0' ],
843 silly audit   'dunder-proto': [ '1.0.1' ],
843 silly audit   'electron-to-chromium': [ '1.5.354' ],
843 silly audit   'emoji-regex': [ '9.2.2' ],
843 silly audit   'enhanced-resolve': [ '5.21.3' ],
843 silly audit   'es-abstract': [ '1.24.2' ],
843 silly audit   'es-define-property': [ '1.0.1' ],
843 silly audit   'es-errors': [ '1.3.0' ],
843 silly audit   'es-iterator-helpers': [ '1.3.2' ],
843 silly audit   'es-object-atoms': [ '1.1.1' ],
843 silly audit   'es-set-tostringtag': [ '2.1.0' ],
843 silly audit   'es-shim-unscopables': [ '1.1.0' ],
843 silly audit   'es-to-primitive': [ '1.3.0' ],
843 silly audit   escalade: [ '3.2.0' ],
843 silly audit   'escape-string-regexp': [ '4.0.0' ],
843 silly audit   eslint: [ '9.39.4' ],
843 silly audit   'eslint-config-next': [ '16.2.6' ],
843 silly audit   globals: [ '16.4.0', '14.0.0' ],
843 silly audit   'eslint-import-resolver-node': [ '0.3.10' ],
843 silly audit   'eslint-import-resolver-typescript': [ '3.10.1' ],
843 silly audit   'eslint-module-utils': [ '2.12.1' ],
843 silly audit   'eslint-plugin-import': [ '2.32.0' ],
843 silly audit   'eslint-plugin-jsx-a11y': [ '6.10.2' ],
843 silly audit   'eslint-plugin-react': [ '7.37.5' ],
843 silly audit   'eslint-plugin-react-hooks': [ '7.1.1' ],
843 silly audit   'eslint-scope': [ '8.4.0' ],
843 silly audit   espree: [ '10.4.0' ],
843 silly audit   esquery: [ '1.7.0' ],
843 silly audit   esrecurse: [ '4.3.0' ],
843 silly audit   estraverse: [ '5.3.0' ],
843 silly audit   esutils: [ '2.0.3' ],
843 silly audit   'fast-deep-equal': [ '3.1.3' ],
843 silly audit   'fast-glob': [ '3.3.1' ],
843 silly audit   'glob-parent': [ '5.1.2', '6.0.2' ],
843 silly audit   'fast-json-stable-stringify': [ '2.1.0' ],
843 silly audit   'fast-levenshtein': [ '2.0.6' ],
843 silly audit   fastq: [ '1.20.1' ],
843 silly audit   'file-entry-cache': [ '8.0.0' ],
843 silly audit   'fill-range': [ '7.1.1' ],
843 silly audit   'find-up': [ '5.0.0' ],
843 silly audit   'flat-cache': [ '4.0.1' ],
843 silly audit   flatted: [ '3.4.2' ],
843 silly audit   'for-each': [ '0.3.5' ],
843 silly audit   'framer-motion': [ '12.38.0' ],
843 silly audit   'function-bind': [ '1.1.2' ],
843 silly audit   'function.prototype.name': [ '1.1.8' ],
843 silly audit   'functions-have-names': [ '1.2.3' ],
843 silly audit   'generator-function': [ '2.0.1' ],
843 silly audit   gensync: [ '1.0.0-beta.2' ],
843 silly audit   'get-intrinsic': [ '1.3.0' ],
843 silly audit   'get-proto': [ '1.0.1' ],
843 silly audit   'get-symbol-description': [ '1.1.0' ],
843 silly audit   'get-tsconfig': [ '4.14.0' ],
843 silly audit   globalthis: [ '1.0.4' ],
843 silly audit   gopd: [ '1.2.0' ],
843 silly audit   'graceful-fs': [ '4.2.11' ],
843 silly audit   'has-bigints': [ '1.1.0' ],
843 silly audit   'has-flag': [ '4.0.0' ],
843 silly audit   'has-property-descriptors': [ '1.0.2' ],
843 silly audit   'has-proto': [ '1.2.0' ],
843 silly audit   'has-symbols': [ '1.1.0' ],
843 silly audit   'has-tostringtag': [ '1.0.2' ],
843 silly audit   hasown: [ '2.0.3' ],
843 silly audit   'hermes-estree': [ '0.25.1' ],
843 silly audit   'hermes-parser': [ '0.25.1' ],
843 silly audit   'import-fresh': [ '3.3.1' ],
843 silly audit   imurmurhash: [ '0.1.4' ],
843 silly audit   'internal-slot': [ '1.1.0' ],
843 silly audit   'is-array-buffer': [ '3.0.5' ],
843 silly audit   'is-async-function': [ '2.1.1' ],
843 silly audit   'is-bigint': [ '1.1.0' ],
843 silly audit   'is-boolean-object': [ '1.2.2' ],
843 silly audit   'is-bun-module': [ '2.0.0' ],
843 silly audit   'is-callable': [ '1.2.7' ],
843 silly audit   'is-core-module': [ '2.16.2' ],
843 silly audit   'is-data-view': [ '1.0.2' ],
843 silly audit   'is-date-object': [ '1.1.0' ],
843 silly audit   'is-extglob': [ '2.1.1' ],
843 silly audit   'is-finalizationregistry': [ '1.1.1' ],
843 silly audit   'is-generator-function': [ '1.1.2' ],
843 silly audit   'is-glob': [ '4.0.3' ],
843 silly audit   'is-map': [ '2.0.3' ],
843 silly audit   'is-negative-zero': [ '2.0.3' ],
843 silly audit   'is-number': [ '7.0.0' ],
843 silly audit   'is-number-object': [ '1.1.1' ],
843 silly audit   'is-regex': [ '1.2.1' ],
843 silly audit   'is-set': [ '2.0.3' ],
843 silly audit   'is-shared-array-buffer': [ '1.0.4' ],
843 silly audit   'is-string': [ '1.1.1' ],
843 silly audit   'is-symbol': [ '1.1.1' ],
843 silly audit   'is-typed-array': [ '1.1.15' ],
843 silly audit   'is-weakmap': [ '2.0.2' ],
843 silly audit   'is-weakref': [ '1.1.1' ],
843 silly audit   'is-weakset': [ '2.0.4' ],
843 silly audit   isarray: [ '2.0.5' ],
843 silly audit   isexe: [ '2.0.0' ],
843 silly audit   'iterator.prototype': [ '1.1.5' ],
843 silly audit   jiti: [ '2.7.0' ],
843 silly audit   'js-tokens': [ '4.0.0' ],
843 silly audit   'js-yaml': [ '4.1.1' ],
843 silly audit   jsesc: [ '3.1.0' ],
843 silly audit   'json-buffer': [ '3.0.1' ],
843 silly audit   'json-schema-traverse': [ '0.4.1' ],
843 silly audit   'json-stable-stringify-without-jsonify': [ '1.0.1' ],
843 silly audit   json5: [ '2.2.3', '1.0.2' ],
843 silly audit   'jsx-ast-utils': [ '3.3.5' ],
843 silly audit   keyv: [ '4.5.4' ],
843 silly audit   'language-subtag-registry': [ '0.3.23' ],
843 silly audit   'language-tags': [ '1.0.9' ],
843 silly audit   levn: [ '0.4.1' ],
843 silly audit   lightningcss: [ '1.32.0' ],
843 silly audit   'lightningcss-android-arm64': [ '1.32.0' ],
843 silly audit   'lightningcss-darwin-arm64': [ '1.32.0' ],
843 silly audit   'lightningcss-darwin-x64': [ '1.32.0' ],
843 silly audit   'lightningcss-freebsd-x64': [ '1.32.0' ],
843 silly audit   'lightningcss-linux-arm-gnueabihf': [ '1.32.0' ],
843 silly audit   'lightningcss-linux-arm64-gnu': [ '1.32.0' ],
843 silly audit   'lightningcss-linux-arm64-musl': [ '1.32.0' ],
843 silly audit   'lightningcss-linux-x64-gnu': [ '1.32.0' ],
843 silly audit   'lightningcss-linux-x64-musl': [ '1.32.0' ],
843 silly audit   'lightningcss-win32-arm64-msvc': [ '1.32.0' ],
843 silly audit   'lightningcss-win32-x64-msvc': [ '1.32.0' ],
843 silly audit   'locate-path': [ '6.0.0' ],
843 silly audit   'lodash.merge': [ '4.6.2' ],
843 silly audit   'loose-envify': [ '1.4.0' ],
843 silly audit   'lru-cache': [ '5.1.1', '11.3.6' ],
843 silly audit   'lucide-react': [ '1.14.0' ],
843 silly audit   'magic-string': [ '0.30.21' ],
843 silly audit   'math-intrinsics': [ '1.1.0' ],
843 silly audit   merge2: [ '1.4.1' ],
843 silly audit   micromatch: [ '4.0.8' ],
843 silly audit   minimist: [ '1.2.8' ],
843 silly audit   'motion-dom': [ '12.38.0' ],
843 silly audit   'motion-utils': [ '12.36.0' ],
843 silly audit   ms: [ '2.1.3' ],
843 silly audit   nanoid: [ '3.3.12' ],
843 silly audit   'napi-postinstall': [ '0.3.4' ],
843 silly audit   'natural-compare': [ '1.4.0' ],
843 silly audit   next: [ '16.2.6' ],
843 silly audit   postcss: [ '8.4.31', '8.5.14' ],
843 silly audit   'node-exports-info': [ '1.6.0' ],
843 silly audit   'node-releases': [ '2.0.44' ],
843 silly audit   'object-assign': [ '4.1.1' ],
843 silly audit   'object-inspect': [ '1.13.4' ],
843 silly audit   'object-keys': [ '1.1.1' ],
843 silly audit   'object.assign': [ '4.1.7' ],
843 silly audit   'object.entries': [ '1.1.9' ],
843 silly audit   'object.fromentries': [ '2.0.8' ],
843 silly audit   'object.groupby': [ '1.0.3' ],
843 silly audit   'object.values': [ '1.2.1' ],
843 silly audit   optionator: [ '0.9.4' ],
843 silly audit   'own-keys': [ '1.0.1' ],
843 silly audit   'p-limit': [ '3.1.0' ],
843 silly audit   'p-locate': [ '5.0.0' ],
843 silly audit   'parent-module': [ '1.0.1' ],
843 silly audit   'path-exists': [ '4.0.0' ],
843 silly audit   'path-key': [ '3.1.1' ],
843 silly audit   'path-parse': [ '1.0.7' ],
843 silly audit   picocolors: [ '1.1.1' ],
843 silly audit   picomatch: [ '2.3.2', '4.0.4' ],
843 silly audit   'possible-typed-array-names': [ '1.1.0' ],
843 silly audit   'prelude-ls': [ '1.2.1' ],
843 silly audit   'prop-types': [ '15.8.1' ],
843 silly audit   punycode: [ '2.3.1' ],
843 silly audit   'queue-microtask': [ '1.2.3' ],
843 silly audit   react: [ '19.2.4' ],
843 silly audit   'react-dom': [ '19.2.4' ],
843 silly audit   'react-is': [ '16.13.1', '17.0.2' ],
843 silly audit   'reflect.getprototypeof': [ '1.0.10' ],
843 silly audit   'regexp.prototype.flags': [ '1.5.4' ],
843 silly audit   resolve: [ '2.0.0-next.6' ],
843 silly audit   'resolve-from': [ '4.0.0' ],
843 silly audit   'resolve-pkg-maps': [ '1.0.0' ],
843 silly audit   reusify: [ '1.1.0' ],
843 silly audit   'run-parallel': [ '1.2.0' ],
843 silly audit   'safe-array-concat': [ '1.1.4' ],
843 silly audit   'safe-push-apply': [ '1.0.0' ],
843 silly audit   'safe-regex-test': [ '1.1.0' ],
843 silly audit   scheduler: [ '0.27.0' ],
843 silly audit   'set-function-length': [ '1.2.2' ],
843 silly audit   'set-function-name': [ '2.0.2' ],
843 silly audit   'set-proto': [ '1.0.0' ],
843 silly audit   sharp: [ '0.34.5' ],
843 silly audit   'shebang-command': [ '2.0.0' ],
843 silly audit   'shebang-regex': [ '3.0.0' ],
843 silly audit   'side-channel': [ '1.1.0' ],
843 silly audit   'side-channel-list': [ '1.0.1' ],
843 silly audit   'side-channel-map': [ '1.0.1' ],
843 silly audit   'side-channel-weakmap': [ '1.0.2' ],
843 silly audit   'source-map-js': [ '1.2.1' ],
843 silly audit   'stable-hash': [ '0.0.5' ],
843 silly audit   'stop-iteration-iterator': [ '1.1.0' ],
843 silly audit   'string.prototype.includes': [ '2.0.1' ],
843 silly audit   'string.prototype.matchall': [ '4.0.12' ],
843 silly audit   'string.prototype.repeat': [ '1.0.0' ],
843 silly audit   'string.prototype.trim': [ '1.2.10' ],
843 silly audit   'string.prototype.trimend': [ '1.0.9' ],
843 silly audit   'string.prototype.trimstart': [ '1.0.8' ],
843 silly audit   'strip-bom': [ '3.0.0' ],
843 silly audit   'strip-json-comments': [ '3.1.1' ],
843 silly audit   'styled-jsx': [ '5.1.6' ],
843 silly audit   'supports-color': [ '7.2.0' ],
843 silly audit   'supports-preserve-symlinks-flag': [ '1.0.0' ],
843 silly audit   'tailwind-merge': [ '3.6.0' ],
843 silly audit   tailwindcss: [ '4.3.0' ],
843 silly audit   tapable: [ '2.3.3' ],
843 silly audit   tinyglobby: [ '0.2.16' ],
843 silly audit   fdir: [ '6.5.0' ],
843 silly audit   'to-regex-range': [ '5.0.1' ],
843 silly audit   'ts-api-utils': [ '2.5.0' ],
843 silly audit   'tsconfig-paths': [ '3.15.0' ],
843 silly audit   tslib: [ '2.8.1' ],
843 silly audit   'type-check': [ '0.4.0' ],
843 silly audit   'typed-array-buffer': [ '1.0.3' ],
843 silly audit   'typed-array-byte-length': [ '1.0.3' ],
843 silly audit   'typed-array-byte-offset': [ '1.0.4' ],
843 silly audit   'typed-array-length': [ '1.0.7' ],
843 silly audit   typescript: [ '5.9.3' ],
843 silly audit   'typescript-eslint': [ '8.59.3' ],
843 silly audit   'unbox-primitive': [ '1.1.0' ],
843 silly audit   'undici-types': [ '6.21.0' ],
843 silly audit   'unrs-resolver': [ '1.11.1' ],
843 silly audit   'update-browserslist-db': [ '1.2.3' ],
843 silly audit   'uri-js': [ '4.4.1' ],
843 silly audit   which: [ '2.0.2' ],
843 silly audit   'which-boxed-primitive': [ '1.1.1' ],
843 silly audit   'which-builtin-type': [ '1.2.1' ],
843 silly audit   'which-collection': [ '1.0.2' ],
843 silly audit   'which-typed-array': [ '1.1.20' ],
843 silly audit   'word-wrap': [ '1.2.5' ],
843 silly audit   yallist: [ '3.1.1' ],
843 silly audit   'yocto-queue': [ '0.1.0' ],
843 silly audit   zod: [ '4.4.3' ],
843 silly audit   'zod-validation-error': [ '4.0.2' ],
843 silly audit   '@testing-library/jest-dom': [ '6.9.1' ],
843 silly audit   '@testing-library/react': [ '16.3.2' ],
843 silly audit   '@testing-library/dom': [ '10.4.1' ],
843 silly audit   '@vitejs/plugin-react': [ '6.0.1' ],
843 silly audit   vite: [ '8.0.12' ],
843 silly audit   jsdom: [ '29.1.1' ],
843 silly audit   prettier: [ '3.8.3' ],
843 silly audit   'prettier-plugin-tailwindcss': [ '0.8.0' ],
843 silly audit   vitest: [ '4.1.6' ],
843 silly audit   '@babel/runtime': [ '7.29.2' ],
843 silly audit   '@types/aria-query': [ '5.0.4' ],
843 silly audit   'dom-accessibility-api': [ '0.5.16', '0.6.3' ],
843 silly audit   'lz-string': [ '1.5.0' ],
843 silly audit   'pretty-format': [ '27.5.1' ],
843 silly audit   '@adobe/css-tools': [ '4.4.4' ],
843 silly audit   'css.escape': [ '1.5.1' ],
843 silly audit   redent: [ '3.0.0' ],
843 silly audit   '@rolldown/pluginutils': [ '1.0.0-rc.7', '1.0.0' ],
843 silly audit   '@asamuzakjp/css-color': [ '5.1.11' ],
843 silly audit   '@asamuzakjp/dom-selector': [ '7.1.1' ],
843 silly audit   '@bramus/specificity': [ '2.4.2' ],
843 silly audit   '@csstools/css-syntax-patches-for-csstree': [ '1.1.4' ],
843 silly audit   '@exodus/bytes': [ '1.15.0' ],
843 silly audit   'css-tree': [ '3.2.1' ],
843 silly audit   'data-urls': [ '7.0.0' ],
843 silly audit   'decimal.js': [ '10.6.0' ],
843 silly audit   'html-encoding-sniffer': [ '6.0.0' ],
843 silly audit   'is-potential-custom-element-name': [ '1.0.1' ],
843 silly audit   parse5: [ '8.0.1' ],
843 silly audit   saxes: [ '6.0.0' ],
843 silly audit   'symbol-tree': [ '3.2.4' ],
843 silly audit   'tough-cookie': [ '6.0.1' ],
843 silly audit   undici: [ '7.25.0' ],
843 silly audit   'w3c-xmlserializer': [ '5.0.0' ],
843 silly audit   'webidl-conversions': [ '8.0.1' ],
843 silly audit   'whatwg-mimetype': [ '5.0.0' ],
843 silly audit   'whatwg-url': [ '16.0.1' ],
843 silly audit   'xml-name-validator': [ '5.0.0' ],
843 silly audit   '@asamuzakjp/generational-cache': [ '1.0.1' ],
843 silly audit   '@csstools/css-calc': [ '3.2.1' ],
843 silly audit   '@csstools/css-parser-algorithms': [ '4.0.0' ],
843 silly audit   '@csstools/css-tokenizer': [ '4.0.0' ],
843 silly audit   '@csstools/css-color-parser': [ '4.1.1' ],
843 silly audit   '@asamuzakjp/nwsapi': [ '2.3.9' ],
843 silly audit   'bidi-js': [ '1.0.3' ],
843 silly audit   '@csstools/color-helpers': [ '6.0.2' ],
843 silly audit   'require-from-string': [ '2.0.2' ],
843 silly audit   'mdn-data': [ '2.27.1' ],
843 silly audit   entities: [ '8.0.0' ],
843 silly audit   'ansi-regex': [ '5.0.1' ],
843 silly audit   'indent-string': [ '4.0.0' ],
843 silly audit   'strip-indent': [ '3.0.0' ],
843 silly audit   xmlchars: [ '2.2.0' ],
843 silly audit   'min-indent': [ '1.0.1' ],
843 silly audit   tldts: [ '7.0.30' ],
843 silly audit   'tldts-core': [ '7.0.30' ],
843 silly audit   fsevents: [ '2.3.3' ],
843 silly audit   rolldown: [ '1.0.0' ],
843 silly audit   '@oxc-project/types': [ '0.129.0' ],
843 silly audit   '@rolldown/binding-android-arm64': [ '1.0.0' ],
843 silly audit   '@rolldown/binding-darwin-arm64': [ '1.0.0' ],
843 silly audit   '@rolldown/binding-darwin-x64': [ '1.0.0' ],
843 silly audit   '@rolldown/binding-freebsd-x64': [ '1.0.0' ],
843 silly audit   '@rolldown/binding-linux-arm-gnueabihf': [ '1.0.0' ],
843 silly audit   '@rolldown/binding-linux-arm64-gnu': [ '1.0.0' ],
843 silly audit   '@rolldown/binding-linux-arm64-musl': [ '1.0.0' ],
843 silly audit   '@rolldown/binding-linux-ppc64-gnu': [ '1.0.0' ],
843 silly audit   '@rolldown/binding-linux-s390x-gnu': [ '1.0.0' ],
843 silly audit   '@rolldown/binding-linux-x64-gnu': [ '1.0.0' ],
843 silly audit   '@rolldown/binding-linux-x64-musl': [ '1.0.0' ],
843 silly audit   '@rolldown/binding-openharmony-arm64': [ '1.0.0' ],
843 silly audit   '@rolldown/binding-wasm32-wasi': [ '1.0.0' ],
843 silly audit   '@rolldown/binding-win32-arm64-msvc': [ '1.0.0' ],
843 silly audit   '@rolldown/binding-win32-x64-msvc': [ '1.0.0' ],
843 silly audit   '@vitest/expect': [ '4.1.6' ],
843 silly audit   '@vitest/mocker': [ '4.1.6' ],
843 silly audit   '@vitest/pretty-format': [ '4.1.6' ],
843 silly audit   '@vitest/runner': [ '4.1.6' ],
843 silly audit   '@vitest/snapshot': [ '4.1.6' ],
843 silly audit   '@vitest/spy': [ '4.1.6' ],
843 silly audit   '@vitest/utils': [ '4.1.6' ],
843 silly audit   'es-module-lexer': [ '2.1.0' ],
843 silly audit   'expect-type': [ '1.3.0' ],
843 silly audit   obug: [ '2.1.1' ],
843 silly audit   pathe: [ '2.0.3' ],
843 silly audit   'std-env': [ '4.1.0' ],
843 silly audit   tinybench: [ '2.9.0' ],
843 silly audit   tinyexec: [ '1.1.2' ],
843 silly audit   tinyrainbow: [ '3.1.0' ],
843 silly audit   'why-is-node-running': [ '2.3.0' ],
843 silly audit   '@standard-schema/spec': [ '1.1.0' ],
843 silly audit   '@types/chai': [ '5.2.3' ],
843 silly audit   chai: [ '6.2.2' ],
843 silly audit   '@types/deep-eql': [ '4.0.2' ],
843 silly audit   'assertion-error': [ '2.0.1' ],
843 silly audit   'estree-walker': [ '3.0.3' ],
843 silly audit   tr46: [ '6.0.0' ],
843 silly audit   siginfo: [ '2.0.0' ],
843 silly audit   stackback: [ '0.0.2' ],
843 silly audit   dequal: [ '2.0.3' ],
843 silly audit   '@tailwindcss/oxide-wasm32-wasi': [ '4.3.0' ]
843 silly audit }
844 verbose reify failed optional dependency D:\airflowlablanding\node_modules\@rolldown\binding-win32-arm64-msvc
845 silly reify mark deleted [
845 silly reify   'D:\\airflowlablanding\\node_modules\\@rolldown\\binding-win32-arm64-msvc'
845 silly reify ]
846 verbose reify failed optional dependency D:\airflowlablanding\node_modules\@rolldown\binding-wasm32-wasi
847 silly reify mark deleted [
847 silly reify   'D:\\airflowlablanding\\node_modules\\@rolldown\\binding-wasm32-wasi'
847 silly reify ]
848 verbose reify failed optional dependency D:\airflowlablanding\node_modules\@rolldown\binding-wasm32-wasi\node_modules\@napi-rs\wasm-runtime
849 silly reify mark deleted [
849 silly reify   'D:\\airflowlablanding\\node_modules\\@rolldown\\binding-wasm32-wasi\\node_modules\\@napi-rs\\wasm-runtime'
849 silly reify ]
850 verbose reify failed optional dependency D:\airflowlablanding\node_modules\@rolldown\binding-openharmony-arm64
851 silly reify mark deleted [
851 silly reify   'D:\\airflowlablanding\\node_modules\\@rolldown\\binding-openharmony-arm64'
851 silly reify ]
852 verbose reify failed optional dependency D:\airflowlablanding\node_modules\@rolldown\binding-linux-x64-musl
853 silly reify mark deleted [
853 silly reify   'D:\\airflowlablanding\\node_modules\\@rolldown\\binding-linux-x64-musl'
853 silly reify ]
854 verbose reify failed optional dependency D:\airflowlablanding\node_modules\@rolldown\binding-linux-x64-gnu
855 silly reify mark deleted [
855 silly reify   'D:\\airflowlablanding\\node_modules\\@rolldown\\binding-linux-x64-gnu'
855 silly reify ]
856 verbose reify failed optional dependency D:\airflowlablanding\node_modules\@rolldown\binding-linux-s390x-gnu
857 silly reify mark deleted [
857 silly reify   'D:\\airflowlablanding\\node_modules\\@rolldown\\binding-linux-s390x-gnu'
857 silly reify ]
858 verbose reify failed optional dependency D:\airflowlablanding\node_modules\@rolldown\binding-linux-ppc64-gnu
859 silly reify mark deleted [
859 silly reify   'D:\\airflowlablanding\\node_modules\\@rolldown\\binding-linux-ppc64-gnu'
859 silly reify ]
860 verbose reify failed optional dependency D:\airflowlablanding\node_modules\@rolldown\binding-linux-arm64-musl
861 silly reify mark deleted [
861 silly reify   'D:\\airflowlablanding\\node_modules\\@rolldown\\binding-linux-arm64-musl'
861 silly reify ]
862 verbose reify failed optional dependency D:\airflowlablanding\node_modules\@rolldown\binding-linux-arm64-gnu
863 silly reify mark deleted [
863 silly reify   'D:\\airflowlablanding\\node_modules\\@rolldown\\binding-linux-arm64-gnu'
863 silly reify ]
864 verbose reify failed optional dependency D:\airflowlablanding\node_modules\@rolldown\binding-linux-arm-gnueabihf
865 silly reify mark deleted [
865 silly reify   'D:\\airflowlablanding\\node_modules\\@rolldown\\binding-linux-arm-gnueabihf'
865 silly reify ]
866 verbose reify failed optional dependency D:\airflowlablanding\node_modules\@rolldown\binding-freebsd-x64
867 silly reify mark deleted [
867 silly reify   'D:\\airflowlablanding\\node_modules\\@rolldown\\binding-freebsd-x64'
867 silly reify ]
868 verbose reify failed optional dependency D:\airflowlablanding\node_modules\@rolldown\binding-darwin-x64
869 silly reify mark deleted [
869 silly reify   'D:\\airflowlablanding\\node_modules\\@rolldown\\binding-darwin-x64'
869 silly reify ]
870 verbose reify failed optional dependency D:\airflowlablanding\node_modules\@rolldown\binding-darwin-arm64
871 silly reify mark deleted [
871 silly reify   'D:\\airflowlablanding\\node_modules\\@rolldown\\binding-darwin-arm64'
871 silly reify ]
872 verbose reify failed optional dependency D:\airflowlablanding\node_modules\@rolldown\binding-android-arm64
873 silly reify mark deleted [
873 silly reify   'D:\\airflowlablanding\\node_modules\\@rolldown\\binding-android-arm64'
873 silly reify ]
874 verbose reify failed optional dependency D:\airflowlablanding\node_modules\fsevents
875 silly reify mark deleted [ 'D:\\airflowlablanding\\node_modules\\fsevents' ]
876 verbose reify failed optional dependency D:\airflowlablanding\node_modules\lightningcss-win32-arm64-msvc
877 silly reify mark deleted [
877 silly reify   'D:\\airflowlablanding\\node_modules\\lightningcss-win32-arm64-msvc'
877 silly reify ]
878 verbose reify failed optional dependency D:\airflowlablanding\node_modules\lightningcss-linux-x64-musl
879 silly reify mark deleted [ 'D:\\airflowlablanding\\node_modules\\lightningcss-linux-x64-musl' ]
880 verbose reify failed optional dependency D:\airflowlablanding\node_modules\lightningcss-linux-x64-gnu
881 silly reify mark deleted [ 'D:\\airflowlablanding\\node_modules\\lightningcss-linux-x64-gnu' ]
882 verbose reify failed optional dependency D:\airflowlablanding\node_modules\lightningcss-linux-arm64-musl
883 silly reify mark deleted [
883 silly reify   'D:\\airflowlablanding\\node_modules\\lightningcss-linux-arm64-musl'
883 silly reify ]
884 verbose reify failed optional dependency D:\airflowlablanding\node_modules\lightningcss-linux-arm64-gnu
885 silly reify mark deleted [ 'D:\\airflowlablanding\\node_modules\\lightningcss-linux-arm64-gnu' ]
886 verbose reify failed optional dependency D:\airflowlablanding\node_modules\lightningcss-linux-arm-gnueabihf
887 silly reify mark deleted [
887 silly reify   'D:\\airflowlablanding\\node_modules\\lightningcss-linux-arm-gnueabihf'
887 silly reify ]
888 verbose reify failed optional dependency D:\airflowlablanding\node_modules\lightningcss-freebsd-x64
889 silly reify mark deleted [ 'D:\\airflowlablanding\\node_modules\\lightningcss-freebsd-x64' ]
890 verbose reify failed optional dependency D:\airflowlablanding\node_modules\lightningcss-darwin-x64
891 silly reify mark deleted [ 'D:\\airflowlablanding\\node_modules\\lightningcss-darwin-x64' ]
892 verbose reify failed optional dependency D:\airflowlablanding\node_modules\lightningcss-darwin-arm64
893 silly reify mark deleted [ 'D:\\airflowlablanding\\node_modules\\lightningcss-darwin-arm64' ]
894 verbose reify failed optional dependency D:\airflowlablanding\node_modules\lightningcss-android-arm64
895 silly reify mark deleted [ 'D:\\airflowlablanding\\node_modules\\lightningcss-android-arm64' ]
896 verbose reify failed optional dependency D:\airflowlablanding\node_modules\@unrs\resolver-binding-win32-ia32-msvc
897 silly reify mark deleted [
897 silly reify   'D:\\airflowlablanding\\node_modules\\@unrs\\resolver-binding-win32-ia32-msvc'
897 silly reify ]
898 verbose reify failed optional dependency D:\airflowlablanding\node_modules\@unrs\resolver-binding-win32-arm64-msvc
899 silly reify mark deleted [
899 silly reify   'D:\\airflowlablanding\\node_modules\\@unrs\\resolver-binding-win32-arm64-msvc'
899 silly reify ]
900 verbose reify failed optional dependency D:\airflowlablanding\node_modules\@unrs\resolver-binding-wasm32-wasi
901 silly reify mark deleted [
901 silly reify   'D:\\airflowlablanding\\node_modules\\@unrs\\resolver-binding-wasm32-wasi'
901 silly reify ]
902 verbose reify failed optional dependency D:\airflowlablanding\node_modules\@unrs\resolver-binding-linux-x64-musl
903 silly reify mark deleted [
903 silly reify   'D:\\airflowlablanding\\node_modules\\@unrs\\resolver-binding-linux-x64-musl'
903 silly reify ]
904 verbose reify failed optional dependency D:\airflowlablanding\node_modules\@unrs\resolver-binding-linux-x64-gnu
905 silly reify mark deleted [
905 silly reify   'D:\\airflowlablanding\\node_modules\\@unrs\\resolver-binding-linux-x64-gnu'
905 silly reify ]
906 verbose reify failed optional dependency D:\airflowlablanding\node_modules\@unrs\resolver-binding-linux-s390x-gnu
907 silly reify mark deleted [
907 silly reify   'D:\\airflowlablanding\\node_modules\\@unrs\\resolver-binding-linux-s390x-gnu'
907 silly reify ]
908 verbose reify failed optional dependency D:\airflowlablanding\node_modules\@unrs\resolver-binding-linux-riscv64-musl
909 silly reify mark deleted [
909 silly reify   'D:\\airflowlablanding\\node_modules\\@unrs\\resolver-binding-linux-riscv64-musl'
909 silly reify ]
910 verbose reify failed optional dependency D:\airflowlablanding\node_modules\@unrs\resolver-binding-linux-riscv64-gnu
911 silly reify mark deleted [
911 silly reify   'D:\\airflowlablanding\\node_modules\\@unrs\\resolver-binding-linux-riscv64-gnu'
911 silly reify ]
912 verbose reify failed optional dependency D:\airflowlablanding\node_modules\@unrs\resolver-binding-linux-ppc64-gnu
913 silly reify mark deleted [
913 silly reify   'D:\\airflowlablanding\\node_modules\\@unrs\\resolver-binding-linux-ppc64-gnu'
913 silly reify ]
914 verbose reify failed optional dependency D:\airflowlablanding\node_modules\@unrs\resolver-binding-linux-arm64-musl
915 silly reify mark deleted [
915 silly reify   'D:\\airflowlablanding\\node_modules\\@unrs\\resolver-binding-linux-arm64-musl'
915 silly reify ]
916 verbose reify failed optional dependency D:\airflowlablanding\node_modules\@unrs\resolver-binding-linux-arm64-gnu
917 silly reify mark deleted [
917 silly reify   'D:\\airflowlablanding\\node_modules\\@unrs\\resolver-binding-linux-arm64-gnu'
917 silly reify ]
918 verbose reify failed optional dependency D:\airflowlablanding\node_modules\@unrs\resolver-binding-linux-arm-musleabihf
919 silly reify mark deleted [
919 silly reify   'D:\\airflowlablanding\\node_modules\\@unrs\\resolver-binding-linux-arm-musleabihf'
919 silly reify ]
920 verbose reify failed optional dependency D:\airflowlablanding\node_modules\@unrs\resolver-binding-linux-arm-gnueabihf
921 silly reify mark deleted [
921 silly reify   'D:\\airflowlablanding\\node_modules\\@unrs\\resolver-binding-linux-arm-gnueabihf'
921 silly reify ]
922 verbose reify failed optional dependency D:\airflowlablanding\node_modules\@unrs\resolver-binding-freebsd-x64
923 silly reify mark deleted [
923 silly reify   'D:\\airflowlablanding\\node_modules\\@unrs\\resolver-binding-freebsd-x64'
923 silly reify ]
924 verbose reify failed optional dependency D:\airflowlablanding\node_modules\@unrs\resolver-binding-darwin-x64
925 silly reify mark deleted [
925 silly reify   'D:\\airflowlablanding\\node_modules\\@unrs\\resolver-binding-darwin-x64'
925 silly reify ]
926 verbose reify failed optional dependency D:\airflowlablanding\node_modules\@unrs\resolver-binding-darwin-arm64
927 silly reify mark deleted [
927 silly reify   'D:\\airflowlablanding\\node_modules\\@unrs\\resolver-binding-darwin-arm64'
927 silly reify ]
928 verbose reify failed optional dependency D:\airflowlablanding\node_modules\@unrs\resolver-binding-android-arm64
929 silly reify mark deleted [
929 silly reify   'D:\\airflowlablanding\\node_modules\\@unrs\\resolver-binding-android-arm64'
929 silly reify ]
930 verbose reify failed optional dependency D:\airflowlablanding\node_modules\@unrs\resolver-binding-android-arm-eabi
931 silly reify mark deleted [
931 silly reify   'D:\\airflowlablanding\\node_modules\\@unrs\\resolver-binding-android-arm-eabi'
931 silly reify ]
932 verbose reify failed optional dependency D:\airflowlablanding\node_modules\@tailwindcss\oxide-win32-arm64-msvc
933 silly reify mark deleted [
933 silly reify   'D:\\airflowlablanding\\node_modules\\@tailwindcss\\oxide-win32-arm64-msvc'
933 silly reify ]
934 verbose reify failed optional dependency D:\airflowlablanding\node_modules\@tailwindcss\oxide-linux-x64-musl
935 silly reify mark deleted [
935 silly reify   'D:\\airflowlablanding\\node_modules\\@tailwindcss\\oxide-linux-x64-musl'
935 silly reify ]
936 verbose reify failed optional dependency D:\airflowlablanding\node_modules\@tailwindcss\oxide-linux-x64-gnu
937 silly reify mark deleted [
937 silly reify   'D:\\airflowlablanding\\node_modules\\@tailwindcss\\oxide-linux-x64-gnu'
937 silly reify ]
938 verbose reify failed optional dependency D:\airflowlablanding\node_modules\@tailwindcss\oxide-linux-arm64-musl
939 silly reify mark deleted [
939 silly reify   'D:\\airflowlablanding\\node_modules\\@tailwindcss\\oxide-linux-arm64-musl'
939 silly reify ]
940 verbose reify failed optional dependency D:\airflowlablanding\node_modules\@tailwindcss\oxide-linux-arm64-gnu
941 silly reify mark deleted [
941 silly reify   'D:\\airflowlablanding\\node_modules\\@tailwindcss\\oxide-linux-arm64-gnu'
941 silly reify ]
942 verbose reify failed optional dependency D:\airflowlablanding\node_modules\@tailwindcss\oxide-linux-arm-gnueabihf
943 silly reify mark deleted [
943 silly reify   'D:\\airflowlablanding\\node_modules\\@tailwindcss\\oxide-linux-arm-gnueabihf'
943 silly reify ]
944 verbose reify failed optional dependency D:\airflowlablanding\node_modules\@tailwindcss\oxide-freebsd-x64
945 silly reify mark deleted [
945 silly reify   'D:\\airflowlablanding\\node_modules\\@tailwindcss\\oxide-freebsd-x64'
945 silly reify ]
946 verbose reify failed optional dependency D:\airflowlablanding\node_modules\@tailwindcss\oxide-darwin-x64
947 silly reify mark deleted [
947 silly reify   'D:\\airflowlablanding\\node_modules\\@tailwindcss\\oxide-darwin-x64'
947 silly reify ]
948 verbose reify failed optional dependency D:\airflowlablanding\node_modules\@tailwindcss\oxide-darwin-arm64
949 silly reify mark deleted [
949 silly reify   'D:\\airflowlablanding\\node_modules\\@tailwindcss\\oxide-darwin-arm64'
949 silly reify ]
950 verbose reify failed optional dependency D:\airflowlablanding\node_modules\@tailwindcss\oxide-android-arm64
951 silly reify mark deleted [
951 silly reify   'D:\\airflowlablanding\\node_modules\\@tailwindcss\\oxide-android-arm64'
951 silly reify ]
952 verbose reify failed optional dependency D:\airflowlablanding\node_modules\@next\swc-win32-arm64-msvc
953 silly reify mark deleted [ 'D:\\airflowlablanding\\node_modules\\@next\\swc-win32-arm64-msvc' ]
954 verbose reify failed optional dependency D:\airflowlablanding\node_modules\@next\swc-linux-x64-musl
955 silly reify mark deleted [ 'D:\\airflowlablanding\\node_modules\\@next\\swc-linux-x64-musl' ]
956 verbose reify failed optional dependency D:\airflowlablanding\node_modules\@next\swc-linux-x64-gnu
957 silly reify mark deleted [ 'D:\\airflowlablanding\\node_modules\\@next\\swc-linux-x64-gnu' ]
958 verbose reify failed optional dependency D:\airflowlablanding\node_modules\@next\swc-linux-arm64-musl
959 silly reify mark deleted [ 'D:\\airflowlablanding\\node_modules\\@next\\swc-linux-arm64-musl' ]
960 verbose reify failed optional dependency D:\airflowlablanding\node_modules\@next\swc-linux-arm64-gnu
961 silly reify mark deleted [ 'D:\\airflowlablanding\\node_modules\\@next\\swc-linux-arm64-gnu' ]
962 verbose reify failed optional dependency D:\airflowlablanding\node_modules\@next\swc-darwin-x64
963 silly reify mark deleted [ 'D:\\airflowlablanding\\node_modules\\@next\\swc-darwin-x64' ]
964 verbose reify failed optional dependency D:\airflowlablanding\node_modules\@next\swc-darwin-arm64
965 silly reify mark deleted [ 'D:\\airflowlablanding\\node_modules\\@next\\swc-darwin-arm64' ]
966 verbose reify failed optional dependency D:\airflowlablanding\node_modules\@img\sharp-win32-ia32
967 silly reify mark deleted [ 'D:\\airflowlablanding\\node_modules\\@img\\sharp-win32-ia32' ]
968 verbose reify failed optional dependency D:\airflowlablanding\node_modules\@img\sharp-win32-arm64
969 silly reify mark deleted [ 'D:\\airflowlablanding\\node_modules\\@img\\sharp-win32-arm64' ]
970 verbose reify failed optional dependency D:\airflowlablanding\node_modules\@img\sharp-wasm32
971 silly reify mark deleted [ 'D:\\airflowlablanding\\node_modules\\@img\\sharp-wasm32' ]
972 verbose reify failed optional dependency D:\airflowlablanding\node_modules\@img\sharp-linuxmusl-x64
973 silly reify mark deleted [ 'D:\\airflowlablanding\\node_modules\\@img\\sharp-linuxmusl-x64' ]
974 verbose reify failed optional dependency D:\airflowlablanding\node_modules\@img\sharp-linuxmusl-arm64
975 silly reify mark deleted [ 'D:\\airflowlablanding\\node_modules\\@img\\sharp-linuxmusl-arm64' ]
976 verbose reify failed optional dependency D:\airflowlablanding\node_modules\@img\sharp-linux-x64
977 silly reify mark deleted [ 'D:\\airflowlablanding\\node_modules\\@img\\sharp-linux-x64' ]
978 verbose reify failed optional dependency D:\airflowlablanding\node_modules\@img\sharp-linux-s390x
979 silly reify mark deleted [ 'D:\\airflowlablanding\\node_modules\\@img\\sharp-linux-s390x' ]
980 verbose reify failed optional dependency D:\airflowlablanding\node_modules\@img\sharp-linux-riscv64
981 silly reify mark deleted [ 'D:\\airflowlablanding\\node_modules\\@img\\sharp-linux-riscv64' ]
982 verbose reify failed optional dependency D:\airflowlablanding\node_modules\@img\sharp-linux-ppc64
983 silly reify mark deleted [ 'D:\\airflowlablanding\\node_modules\\@img\\sharp-linux-ppc64' ]
984 verbose reify failed optional dependency D:\airflowlablanding\node_modules\@img\sharp-linux-arm64
985 silly reify mark deleted [ 'D:\\airflowlablanding\\node_modules\\@img\\sharp-linux-arm64' ]
986 verbose reify failed optional dependency D:\airflowlablanding\node_modules\@img\sharp-linux-arm
987 silly reify mark deleted [ 'D:\\airflowlablanding\\node_modules\\@img\\sharp-linux-arm' ]
988 verbose reify failed optional dependency D:\airflowlablanding\node_modules\@img\sharp-libvips-linuxmusl-x64
989 silly reify mark deleted [
989 silly reify   'D:\\airflowlablanding\\node_modules\\@img\\sharp-libvips-linuxmusl-x64'
989 silly reify ]
990 verbose reify failed optional dependency D:\airflowlablanding\node_modules\@img\sharp-libvips-linuxmusl-arm64
991 silly reify mark deleted [
991 silly reify   'D:\\airflowlablanding\\node_modules\\@img\\sharp-libvips-linuxmusl-arm64'
991 silly reify ]
992 verbose reify failed optional dependency D:\airflowlablanding\node_modules\@img\sharp-libvips-linux-x64
993 silly reify mark deleted [
993 silly reify   'D:\\airflowlablanding\\node_modules\\@img\\sharp-libvips-linux-x64'
993 silly reify ]
994 verbose reify failed optional dependency D:\airflowlablanding\node_modules\@img\sharp-libvips-linux-s390x
995 silly reify mark deleted [
995 silly reify   'D:\\airflowlablanding\\node_modules\\@img\\sharp-libvips-linux-s390x'
995 silly reify ]
996 verbose reify failed optional dependency D:\airflowlablanding\node_modules\@img\sharp-libvips-linux-riscv64
997 silly reify mark deleted [
997 silly reify   'D:\\airflowlablanding\\node_modules\\@img\\sharp-libvips-linux-riscv64'
997 silly reify ]
998 verbose reify failed optional dependency D:\airflowlablanding\node_modules\@img\sharp-libvips-linux-ppc64
999 silly reify mark deleted [
999 silly reify   'D:\\airflowlablanding\\node_modules\\@img\\sharp-libvips-linux-ppc64'
999 silly reify ]
1000 verbose reify failed optional dependency D:\airflowlablanding\node_modules\@img\sharp-libvips-linux-arm64
1001 silly reify mark deleted [
1001 silly reify   'D:\\airflowlablanding\\node_modules\\@img\\sharp-libvips-linux-arm64'
1001 silly reify ]
1002 verbose reify failed optional dependency D:\airflowlablanding\node_modules\@img\sharp-libvips-linux-arm
1003 silly reify mark deleted [
1003 silly reify   'D:\\airflowlablanding\\node_modules\\@img\\sharp-libvips-linux-arm'
1003 silly reify ]
1004 verbose reify failed optional dependency D:\airflowlablanding\node_modules\@img\sharp-libvips-darwin-x64
1005 silly reify mark deleted [
1005 silly reify   'D:\\airflowlablanding\\node_modules\\@img\\sharp-libvips-darwin-x64'
1005 silly reify ]
1006 verbose reify failed optional dependency D:\airflowlablanding\node_modules\@img\sharp-libvips-darwin-arm64
1007 silly reify mark deleted [
1007 silly reify   'D:\\airflowlablanding\\node_modules\\@img\\sharp-libvips-darwin-arm64'
1007 silly reify ]
1008 verbose reify failed optional dependency D:\airflowlablanding\node_modules\@img\sharp-darwin-x64
1009 silly reify mark deleted [ 'D:\\airflowlablanding\\node_modules\\@img\\sharp-darwin-x64' ]
1010 verbose reify failed optional dependency D:\airflowlablanding\node_modules\@img\sharp-darwin-arm64
1011 silly reify mark deleted [ 'D:\\airflowlablanding\\node_modules\\@img\\sharp-darwin-arm64' ]
1012 http cache dequal@https://registry.npmjs.org/dequal/-/dequal-2.0.3.tgz 0ms (cache hit)
1013 http cache siginfo@https://registry.npmjs.org/siginfo/-/siginfo-2.0.0.tgz 0ms (cache hit)
1014 http cache tr46@https://registry.npmjs.org/tr46/-/tr46-6.0.0.tgz 0ms (cache hit)
1015 http cache stackback@https://registry.npmjs.org/stackback/-/stackback-0.0.2.tgz 0ms (cache hit)
1016 http cache estree-walker@https://registry.npmjs.org/estree-walker/-/estree-walker-3.0.3.tgz 0ms (cache hit)
1017 http cache assertion-error@https://registry.npmjs.org/assertion-error/-/assertion-error-2.0.1.tgz 0ms (cache hit)
1018 http cache chai@https://registry.npmjs.org/chai/-/chai-6.2.2.tgz 0ms (cache hit)
1019 http cache @types/deep-eql@https://registry.npmjs.org/@types/deep-eql/-/deep-eql-4.0.2.tgz 0ms (cache hit)
1020 http cache @types/chai@https://registry.npmjs.org/@types/chai/-/chai-5.2.3.tgz 0ms (cache hit)
1021 http cache why-is-node-running@https://registry.npmjs.org/why-is-node-running/-/why-is-node-running-2.3.0.tgz 0ms (cache hit)
1022 http cache @standard-schema/spec@https://registry.npmjs.org/@standard-schema/spec/-/spec-1.1.0.tgz 0ms (cache hit)
1023 http cache tinyrainbow@https://registry.npmjs.org/tinyrainbow/-/tinyrainbow-3.1.0.tgz 0ms (cache hit)
1024 http cache tinyexec@https://registry.npmjs.org/tinyexec/-/tinyexec-1.1.2.tgz 0ms (cache hit)
1025 http cache tinybench@https://registry.npmjs.org/tinybench/-/tinybench-2.9.0.tgz 0ms (cache hit)
1026 http cache pathe@https://registry.npmjs.org/pathe/-/pathe-2.0.3.tgz 0ms (cache hit)
1027 http cache std-env@https://registry.npmjs.org/std-env/-/std-env-4.1.0.tgz 0ms (cache hit)
1028 http cache obug@https://registry.npmjs.org/obug/-/obug-2.1.1.tgz 0ms (cache hit)
1029 http cache expect-type@https://registry.npmjs.org/expect-type/-/expect-type-1.3.0.tgz 0ms (cache hit)
1030 http cache es-module-lexer@https://registry.npmjs.org/es-module-lexer/-/es-module-lexer-2.1.0.tgz 1ms (cache hit)
1031 http cache @vitest/utils@https://registry.npmjs.org/@vitest/utils/-/utils-4.1.6.tgz 0ms (cache hit)
1032 http cache @vitest/spy@https://registry.npmjs.org/@vitest/spy/-/spy-4.1.6.tgz 0ms (cache hit)
1033 http cache @vitest/snapshot@https://registry.npmjs.org/@vitest/snapshot/-/snapshot-4.1.6.tgz 0ms (cache hit)
1034 http cache @vitest/runner@https://registry.npmjs.org/@vitest/runner/-/runner-4.1.6.tgz 0ms (cache hit)
1035 http cache @vitest/pretty-format@https://registry.npmjs.org/@vitest/pretty-format/-/pretty-format-4.1.6.tgz 0ms (cache hit)
1036 http cache @vitest/mocker@https://registry.npmjs.org/@vitest/mocker/-/mocker-4.1.6.tgz 0ms (cache hit)
1037 http cache @vitest/expect@https://registry.npmjs.org/@vitest/expect/-/expect-4.1.6.tgz 0ms (cache hit)
1038 http cache @rolldown/binding-win32-x64-msvc@https://registry.npmjs.org/@rolldown/binding-win32-x64-msvc/-/binding-win32-x64-msvc-1.0.0.tgz 0ms (cache hit)
1039 http cache @oxc-project/types@https://registry.npmjs.org/@oxc-project/types/-/types-0.129.0.tgz 0ms (cache hit)
1040 http cache rolldown@https://registry.npmjs.org/rolldown/-/rolldown-1.0.0.tgz 0ms (cache hit)
1041 http cache tldts-core@https://registry.npmjs.org/tldts-core/-/tldts-core-7.0.30.tgz 0ms (cache hit)
1042 http cache tldts@https://registry.npmjs.org/tldts/-/tldts-7.0.30.tgz 0ms (cache hit)
1043 http cache min-indent@https://registry.npmjs.org/min-indent/-/min-indent-1.0.1.tgz 0ms (cache hit)
1044 http cache xmlchars@https://registry.npmjs.org/xmlchars/-/xmlchars-2.2.0.tgz 0ms (cache hit)
1045 http cache indent-string@https://registry.npmjs.org/indent-string/-/indent-string-4.0.0.tgz 0ms (cache hit)
1046 http cache strip-indent@https://registry.npmjs.org/strip-indent/-/strip-indent-3.0.0.tgz 0ms (cache hit)
1047 http cache ansi-regex@https://registry.npmjs.org/ansi-regex/-/ansi-regex-5.0.1.tgz 0ms (cache hit)
1048 http cache entities@https://registry.npmjs.org/entities/-/entities-8.0.0.tgz 0ms (cache hit)
1049 http cache mdn-data@https://registry.npmjs.org/mdn-data/-/mdn-data-2.27.1.tgz 0ms (cache hit)
1050 http cache require-from-string@https://registry.npmjs.org/require-from-string/-/require-from-string-2.0.2.tgz 0ms (cache hit)
1051 http cache @csstools/color-helpers@https://registry.npmjs.org/@csstools/color-helpers/-/color-helpers-6.0.2.tgz 0ms (cache hit)
1052 http cache bidi-js@https://registry.npmjs.org/bidi-js/-/bidi-js-1.0.3.tgz 0ms (cache hit)
1053 http cache @asamuzakjp/nwsapi@https://registry.npmjs.org/@asamuzakjp/nwsapi/-/nwsapi-2.3.9.tgz 0ms (cache hit)
1054 http cache @csstools/css-color-parser@https://registry.npmjs.org/@csstools/css-color-parser/-/css-color-parser-4.1.1.tgz 0ms (cache hit)
1055 http cache @csstools/css-tokenizer@https://registry.npmjs.org/@csstools/css-tokenizer/-/css-tokenizer-4.0.0.tgz 0ms (cache hit)
1056 http cache @csstools/css-parser-algorithms@https://registry.npmjs.org/@csstools/css-parser-algorithms/-/css-parser-algorithms-4.0.0.tgz 0ms (cache hit)
1057 http cache @csstools/css-calc@https://registry.npmjs.org/@csstools/css-calc/-/css-calc-3.2.1.tgz 0ms (cache hit)
1058 http cache @asamuzakjp/generational-cache@https://registry.npmjs.org/@asamuzakjp/generational-cache/-/generational-cache-1.0.1.tgz 0ms (cache hit)
1059 http cache xml-name-validator@https://registry.npmjs.org/xml-name-validator/-/xml-name-validator-5.0.0.tgz 0ms (cache hit)
1060 http cache whatwg-url@https://registry.npmjs.org/whatwg-url/-/whatwg-url-16.0.1.tgz 0ms (cache hit)
1061 http cache whatwg-mimetype@https://registry.npmjs.org/whatwg-mimetype/-/whatwg-mimetype-5.0.0.tgz 0ms (cache hit)
1062 http cache webidl-conversions@https://registry.npmjs.org/webidl-conversions/-/webidl-conversions-8.0.1.tgz 0ms (cache hit)
1063 http cache undici@https://registry.npmjs.org/undici/-/undici-7.25.0.tgz 0ms (cache hit)
1064 http cache tough-cookie@https://registry.npmjs.org/tough-cookie/-/tough-cookie-6.0.1.tgz 0ms (cache hit)
1065 http cache symbol-tree@https://registry.npmjs.org/symbol-tree/-/symbol-tree-3.2.4.tgz 0ms (cache hit)
1066 http cache saxes@https://registry.npmjs.org/saxes/-/saxes-6.0.0.tgz 0ms (cache hit)
1067 http cache parse5@https://registry.npmjs.org/parse5/-/parse5-8.0.1.tgz 0ms (cache hit)
1068 http cache is-potential-custom-element-name@https://registry.npmjs.org/is-potential-custom-element-name/-/is-potential-custom-element-name-1.0.1.tgz 0ms (cache hit)
1069 http cache html-encoding-sniffer@https://registry.npmjs.org/html-encoding-sniffer/-/html-encoding-sniffer-6.0.0.tgz 0ms (cache hit)
1070 http cache decimal.js@https://registry.npmjs.org/decimal.js/-/decimal.js-10.6.0.tgz 0ms (cache hit)
1071 http cache w3c-xmlserializer@https://registry.npmjs.org/w3c-xmlserializer/-/w3c-xmlserializer-5.0.0.tgz 0ms (cache hit)
1072 http cache data-urls@https://registry.npmjs.org/data-urls/-/data-urls-7.0.0.tgz 0ms (cache hit)
1073 http cache css-tree@https://registry.npmjs.org/css-tree/-/css-tree-3.2.1.tgz 0ms (cache hit)
1074 http cache @exodus/bytes@https://registry.npmjs.org/@exodus/bytes/-/bytes-1.15.0.tgz 0ms (cache hit)
1075 http cache @csstools/css-syntax-patches-for-csstree@https://registry.npmjs.org/@csstools/css-syntax-patches-for-csstree/-/css-syntax-patches-for-csstree-1.1.4.tgz 0ms (cache hit)
1076 http cache @asamuzakjp/css-color@https://registry.npmjs.org/@asamuzakjp/css-color/-/css-color-5.1.11.tgz 0ms (cache hit)
1077 http cache @asamuzakjp/dom-selector@https://registry.npmjs.org/@asamuzakjp/dom-selector/-/dom-selector-7.1.1.tgz 0ms (cache hit)
1078 http cache @bramus/specificity@https://registry.npmjs.org/@bramus/specificity/-/specificity-2.4.2.tgz 0ms (cache hit)
1079 http cache @rolldown/pluginutils@https://registry.npmjs.org/@rolldown/pluginutils/-/pluginutils-1.0.0-rc.7.tgz 1ms (cache hit)
1080 http cache redent@https://registry.npmjs.org/redent/-/redent-3.0.0.tgz 0ms (cache hit)
1081 http cache @adobe/css-tools@https://registry.npmjs.org/@adobe/css-tools/-/css-tools-4.4.4.tgz 0ms (cache hit)
1082 http cache css.escape@https://registry.npmjs.org/css.escape/-/css.escape-1.5.1.tgz 0ms (cache hit)
1083 http cache pretty-format@https://registry.npmjs.org/pretty-format/-/pretty-format-27.5.1.tgz 0ms (cache hit)
1084 http cache lz-string@https://registry.npmjs.org/lz-string/-/lz-string-1.5.0.tgz 0ms (cache hit)
1085 http cache dom-accessibility-api@https://registry.npmjs.org/dom-accessibility-api/-/dom-accessibility-api-0.5.16.tgz 0ms (cache hit)
1086 http cache @babel/runtime@https://registry.npmjs.org/@babel/runtime/-/runtime-7.29.2.tgz 0ms (cache hit)
1087 http cache @types/aria-query@https://registry.npmjs.org/@types/aria-query/-/aria-query-5.0.4.tgz 0ms (cache hit)
1088 http cache vitest@https://registry.npmjs.org/vitest/-/vitest-4.1.6.tgz 0ms (cache hit)
1089 http cache prettier-plugin-tailwindcss@https://registry.npmjs.org/prettier-plugin-tailwindcss/-/prettier-plugin-tailwindcss-0.8.0.tgz 0ms (cache hit)
1090 http cache prettier@https://registry.npmjs.org/prettier/-/prettier-3.8.3.tgz 0ms (cache hit)
1091 http cache jsdom@https://registry.npmjs.org/jsdom/-/jsdom-29.1.1.tgz 0ms (cache hit)
1092 http cache @vitejs/plugin-react@https://registry.npmjs.org/@vitejs/plugin-react/-/plugin-react-6.0.1.tgz 0ms (cache hit)
1093 http cache vite@https://registry.npmjs.org/vite/-/vite-8.0.12.tgz 0ms (cache hit)
1094 http cache @testing-library/dom@https://registry.npmjs.org/@testing-library/dom/-/dom-10.4.1.tgz 0ms (cache hit)
1095 http cache @napi-rs/wasm-runtime@https://registry.npmjs.org/@napi-rs/wasm-runtime/-/wasm-runtime-1.1.4.tgz 0ms (cache hit)
1096 http cache @rolldown/pluginutils@https://registry.npmjs.org/@rolldown/pluginutils/-/pluginutils-1.0.0.tgz 0ms (cache hit)
1097 http cache @testing-library/react@https://registry.npmjs.org/@testing-library/react/-/react-16.3.2.tgz 0ms (cache hit)
1098 http cache @testing-library/jest-dom@https://registry.npmjs.org/@testing-library/jest-dom/-/jest-dom-6.9.1.tgz 0ms (cache hit)
1099 http cache react-is@https://registry.npmjs.org/react-is/-/react-is-17.0.2.tgz 0ms (cache hit)
1100 http cache ansi-styles@https://registry.npmjs.org/ansi-styles/-/ansi-styles-5.2.0.tgz 0ms (cache hit)
1101 http cache picomatch@https://registry.npmjs.org/picomatch/-/picomatch-4.0.4.tgz 0ms (cache hit)
1102 http cache lru-cache@https://registry.npmjs.org/lru-cache/-/lru-cache-11.3.6.tgz 0ms (cache hit)
1103 http cache picomatch@https://registry.npmjs.org/picomatch/-/picomatch-4.0.4.tgz 0ms (cache hit)
1104 http cache aria-query@https://registry.npmjs.org/aria-query/-/aria-query-5.3.0.tgz 0ms (cache hit)
1105 http cache dom-accessibility-api@https://registry.npmjs.org/dom-accessibility-api/-/dom-accessibility-api-0.6.3.tgz 0ms (cache hit)
1106 silly tarball no local data for dequal@https://registry.npmjs.org/dequal/-/dequal-2.0.3.tgz. Extracting by manifest.
1107 silly tarball no local data for siginfo@https://registry.npmjs.org/siginfo/-/siginfo-2.0.0.tgz. Extracting by manifest.
1108 silly tarball no local data for tr46@https://registry.npmjs.org/tr46/-/tr46-6.0.0.tgz. Extracting by manifest.
1109 silly tarball no local data for stackback@https://registry.npmjs.org/stackback/-/stackback-0.0.2.tgz. Extracting by manifest.
1110 silly tarball no local data for estree-walker@https://registry.npmjs.org/estree-walker/-/estree-walker-3.0.3.tgz. Extracting by manifest.
1111 silly tarball no local data for assertion-error@https://registry.npmjs.org/assertion-error/-/assertion-error-2.0.1.tgz. Extracting by manifest.
1112 silly tarball no local data for chai@https://registry.npmjs.org/chai/-/chai-6.2.2.tgz. Extracting by manifest.
1113 silly tarball no local data for @types/deep-eql@https://registry.npmjs.org/@types/deep-eql/-/deep-eql-4.0.2.tgz. Extracting by manifest.
1114 silly tarball no local data for @types/chai@https://registry.npmjs.org/@types/chai/-/chai-5.2.3.tgz. Extracting by manifest.
1115 silly tarball no local data for why-is-node-running@https://registry.npmjs.org/why-is-node-running/-/why-is-node-running-2.3.0.tgz. Extracting by manifest.
1116 silly tarball no local data for @standard-schema/spec@https://registry.npmjs.org/@standard-schema/spec/-/spec-1.1.0.tgz. Extracting by manifest.
1117 silly tarball no local data for tinyrainbow@https://registry.npmjs.org/tinyrainbow/-/tinyrainbow-3.1.0.tgz. Extracting by manifest.
1118 silly tarball no local data for tinyexec@https://registry.npmjs.org/tinyexec/-/tinyexec-1.1.2.tgz. Extracting by manifest.
1119 silly tarball no local data for tinybench@https://registry.npmjs.org/tinybench/-/tinybench-2.9.0.tgz. Extracting by manifest.
1120 silly tarball no local data for pathe@https://registry.npmjs.org/pathe/-/pathe-2.0.3.tgz. Extracting by manifest.
1121 silly tarball no local data for std-env@https://registry.npmjs.org/std-env/-/std-env-4.1.0.tgz. Extracting by manifest.
1122 silly tarball no local data for obug@https://registry.npmjs.org/obug/-/obug-2.1.1.tgz. Extracting by manifest.
1123 silly tarball no local data for expect-type@https://registry.npmjs.org/expect-type/-/expect-type-1.3.0.tgz. Extracting by manifest.
1124 silly tarball no local data for es-module-lexer@https://registry.npmjs.org/es-module-lexer/-/es-module-lexer-2.1.0.tgz. Extracting by manifest.
1125 silly tarball no local data for @vitest/utils@https://registry.npmjs.org/@vitest/utils/-/utils-4.1.6.tgz. Extracting by manifest.
1126 silly tarball no local data for @vitest/spy@https://registry.npmjs.org/@vitest/spy/-/spy-4.1.6.tgz. Extracting by manifest.
1127 silly tarball no local data for @vitest/snapshot@https://registry.npmjs.org/@vitest/snapshot/-/snapshot-4.1.6.tgz. Extracting by manifest.
1128 silly tarball no local data for @vitest/runner@https://registry.npmjs.org/@vitest/runner/-/runner-4.1.6.tgz. Extracting by manifest.
1129 silly tarball no local data for @vitest/pretty-format@https://registry.npmjs.org/@vitest/pretty-format/-/pretty-format-4.1.6.tgz. Extracting by manifest.
1130 silly tarball no local data for @vitest/mocker@https://registry.npmjs.org/@vitest/mocker/-/mocker-4.1.6.tgz. Extracting by manifest.
1131 silly tarball no local data for @vitest/expect@https://registry.npmjs.org/@vitest/expect/-/expect-4.1.6.tgz. Extracting by manifest.
1132 silly tarball no local data for @rolldown/binding-win32-x64-msvc@https://registry.npmjs.org/@rolldown/binding-win32-x64-msvc/-/binding-win32-x64-msvc-1.0.0.tgz. Extracting by manifest.
1133 silly tarball no local data for @oxc-project/types@https://registry.npmjs.org/@oxc-project/types/-/types-0.129.0.tgz. Extracting by manifest.
1134 silly tarball no local data for rolldown@https://registry.npmjs.org/rolldown/-/rolldown-1.0.0.tgz. Extracting by manifest.
1135 silly tarball no local data for tldts-core@https://registry.npmjs.org/tldts-core/-/tldts-core-7.0.30.tgz. Extracting by manifest.
1136 silly tarball no local data for tldts@https://registry.npmjs.org/tldts/-/tldts-7.0.30.tgz. Extracting by manifest.
1137 silly tarball no local data for min-indent@https://registry.npmjs.org/min-indent/-/min-indent-1.0.1.tgz. Extracting by manifest.
1138 silly tarball no local data for xmlchars@https://registry.npmjs.org/xmlchars/-/xmlchars-2.2.0.tgz. Extracting by manifest.
1139 silly tarball no local data for indent-string@https://registry.npmjs.org/indent-string/-/indent-string-4.0.0.tgz. Extracting by manifest.
1140 silly tarball no local data for strip-indent@https://registry.npmjs.org/strip-indent/-/strip-indent-3.0.0.tgz. Extracting by manifest.
1141 silly tarball no local data for ansi-regex@https://registry.npmjs.org/ansi-regex/-/ansi-regex-5.0.1.tgz. Extracting by manifest.
1142 silly tarball no local data for entities@https://registry.npmjs.org/entities/-/entities-8.0.0.tgz. Extracting by manifest.
1143 silly tarball no local data for mdn-data@https://registry.npmjs.org/mdn-data/-/mdn-data-2.27.1.tgz. Extracting by manifest.
1144 silly tarball no local data for require-from-string@https://registry.npmjs.org/require-from-string/-/require-from-string-2.0.2.tgz. Extracting by manifest.
1145 silly tarball no local data for @csstools/color-helpers@https://registry.npmjs.org/@csstools/color-helpers/-/color-helpers-6.0.2.tgz. Extracting by manifest.
1146 silly tarball no local data for bidi-js@https://registry.npmjs.org/bidi-js/-/bidi-js-1.0.3.tgz. Extracting by manifest.
1147 silly tarball no local data for @asamuzakjp/nwsapi@https://registry.npmjs.org/@asamuzakjp/nwsapi/-/nwsapi-2.3.9.tgz. Extracting by manifest.
1148 silly tarball no local data for @csstools/css-color-parser@https://registry.npmjs.org/@csstools/css-color-parser/-/css-color-parser-4.1.1.tgz. Extracting by manifest.
1149 silly tarball no local data for @csstools/css-tokenizer@https://registry.npmjs.org/@csstools/css-tokenizer/-/css-tokenizer-4.0.0.tgz. Extracting by manifest.
1150 silly tarball no local data for @csstools/css-parser-algorithms@https://registry.npmjs.org/@csstools/css-parser-algorithms/-/css-parser-algorithms-4.0.0.tgz. Extracting by manifest.
1151 silly tarball no local data for @csstools/css-calc@https://registry.npmjs.org/@csstools/css-calc/-/css-calc-3.2.1.tgz. Extracting by manifest.
1152 silly tarball no local data for @asamuzakjp/generational-cache@https://registry.npmjs.org/@asamuzakjp/generational-cache/-/generational-cache-1.0.1.tgz. Extracting by manifest.
1153 silly tarball no local data for xml-name-validator@https://registry.npmjs.org/xml-name-validator/-/xml-name-validator-5.0.0.tgz. Extracting by manifest.
1154 silly tarball no local data for whatwg-url@https://registry.npmjs.org/whatwg-url/-/whatwg-url-16.0.1.tgz. Extracting by manifest.
1155 silly tarball no local data for whatwg-mimetype@https://registry.npmjs.org/whatwg-mimetype/-/whatwg-mimetype-5.0.0.tgz. Extracting by manifest.
1156 silly tarball no local data for webidl-conversions@https://registry.npmjs.org/webidl-conversions/-/webidl-conversions-8.0.1.tgz. Extracting by manifest.
1157 silly tarball no local data for undici@https://registry.npmjs.org/undici/-/undici-7.25.0.tgz. Extracting by manifest.
1158 silly tarball no local data for tough-cookie@https://registry.npmjs.org/tough-cookie/-/tough-cookie-6.0.1.tgz. Extracting by manifest.
1159 silly tarball no local data for symbol-tree@https://registry.npmjs.org/symbol-tree/-/symbol-tree-3.2.4.tgz. Extracting by manifest.
1160 silly tarball no local data for saxes@https://registry.npmjs.org/saxes/-/saxes-6.0.0.tgz. Extracting by manifest.
1161 silly tarball no local data for parse5@https://registry.npmjs.org/parse5/-/parse5-8.0.1.tgz. Extracting by manifest.
1162 silly tarball no local data for is-potential-custom-element-name@https://registry.npmjs.org/is-potential-custom-element-name/-/is-potential-custom-element-name-1.0.1.tgz. Extracting by manifest.
1163 silly tarball no local data for html-encoding-sniffer@https://registry.npmjs.org/html-encoding-sniffer/-/html-encoding-sniffer-6.0.0.tgz. Extracting by manifest.
1164 silly tarball no local data for decimal.js@https://registry.npmjs.org/decimal.js/-/decimal.js-10.6.0.tgz. Extracting by manifest.
1165 silly tarball no local data for w3c-xmlserializer@https://registry.npmjs.org/w3c-xmlserializer/-/w3c-xmlserializer-5.0.0.tgz. Extracting by manifest.
1166 silly tarball no local data for data-urls@https://registry.npmjs.org/data-urls/-/data-urls-7.0.0.tgz. Extracting by manifest.
1167 silly tarball no local data for css-tree@https://registry.npmjs.org/css-tree/-/css-tree-3.2.1.tgz. Extracting by manifest.
1168 silly tarball no local data for @exodus/bytes@https://registry.npmjs.org/@exodus/bytes/-/bytes-1.15.0.tgz. Extracting by manifest.
1169 silly tarball no local data for @csstools/css-syntax-patches-for-csstree@https://registry.npmjs.org/@csstools/css-syntax-patches-for-csstree/-/css-syntax-patches-for-csstree-1.1.4.tgz. Extracting by manifest.
1170 silly tarball no local data for @asamuzakjp/css-color@https://registry.npmjs.org/@asamuzakjp/css-color/-/css-color-5.1.11.tgz. Extracting by manifest.
1171 silly tarball no local data for @asamuzakjp/dom-selector@https://registry.npmjs.org/@asamuzakjp/dom-selector/-/dom-selector-7.1.1.tgz. Extracting by manifest.
1172 silly tarball no local data for @bramus/specificity@https://registry.npmjs.org/@bramus/specificity/-/specificity-2.4.2.tgz. Extracting by manifest.
1173 silly tarball no local data for @rolldown/pluginutils@https://registry.npmjs.org/@rolldown/pluginutils/-/pluginutils-1.0.0-rc.7.tgz. Extracting by manifest.
1174 silly tarball no local data for redent@https://registry.npmjs.org/redent/-/redent-3.0.0.tgz. Extracting by manifest.
1175 silly tarball no local data for @adobe/css-tools@https://registry.npmjs.org/@adobe/css-tools/-/css-tools-4.4.4.tgz. Extracting by manifest.
1176 silly tarball no local data for css.escape@https://registry.npmjs.org/css.escape/-/css.escape-1.5.1.tgz. Extracting by manifest.
1177 silly tarball no local data for pretty-format@https://registry.npmjs.org/pretty-format/-/pretty-format-27.5.1.tgz. Extracting by manifest.
1178 silly tarball no local data for lz-string@https://registry.npmjs.org/lz-string/-/lz-string-1.5.0.tgz. Extracting by manifest.
1179 silly tarball no local data for dom-accessibility-api@https://registry.npmjs.org/dom-accessibility-api/-/dom-accessibility-api-0.5.16.tgz. Extracting by manifest.
1180 silly tarball no local data for @babel/runtime@https://registry.npmjs.org/@babel/runtime/-/runtime-7.29.2.tgz. Extracting by manifest.
1181 silly tarball no local data for @types/aria-query@https://registry.npmjs.org/@types/aria-query/-/aria-query-5.0.4.tgz. Extracting by manifest.
1182 silly tarball no local data for vitest@https://registry.npmjs.org/vitest/-/vitest-4.1.6.tgz. Extracting by manifest.
1183 silly tarball no local data for prettier-plugin-tailwindcss@https://registry.npmjs.org/prettier-plugin-tailwindcss/-/prettier-plugin-tailwindcss-0.8.0.tgz. Extracting by manifest.
1184 silly tarball no local data for prettier@https://registry.npmjs.org/prettier/-/prettier-3.8.3.tgz. Extracting by manifest.
1185 silly tarball no local data for jsdom@https://registry.npmjs.org/jsdom/-/jsdom-29.1.1.tgz. Extracting by manifest.
1186 silly tarball no local data for @vitejs/plugin-react@https://registry.npmjs.org/@vitejs/plugin-react/-/plugin-react-6.0.1.tgz. Extracting by manifest.
1187 silly tarball no local data for vite@https://registry.npmjs.org/vite/-/vite-8.0.12.tgz. Extracting by manifest.
1188 silly tarball no local data for @testing-library/dom@https://registry.npmjs.org/@testing-library/dom/-/dom-10.4.1.tgz. Extracting by manifest.
1189 silly tarball no local data for @napi-rs/wasm-runtime@https://registry.npmjs.org/@napi-rs/wasm-runtime/-/wasm-runtime-1.1.4.tgz. Extracting by manifest.
1190 silly tarball no local data for @rolldown/pluginutils@https://registry.npmjs.org/@rolldown/pluginutils/-/pluginutils-1.0.0.tgz. Extracting by manifest.
1191 silly tarball no local data for @testing-library/react@https://registry.npmjs.org/@testing-library/react/-/react-16.3.2.tgz. Extracting by manifest.
1192 silly tarball no local data for @testing-library/jest-dom@https://registry.npmjs.org/@testing-library/jest-dom/-/jest-dom-6.9.1.tgz. Extracting by manifest.
1193 silly tarball no local data for react-is@https://registry.npmjs.org/react-is/-/react-is-17.0.2.tgz. Extracting by manifest.
1194 silly tarball no local data for ansi-styles@https://registry.npmjs.org/ansi-styles/-/ansi-styles-5.2.0.tgz. Extracting by manifest.
1195 silly tarball no local data for picomatch@https://registry.npmjs.org/picomatch/-/picomatch-4.0.4.tgz. Extracting by manifest.
1196 silly tarball no local data for lru-cache@https://registry.npmjs.org/lru-cache/-/lru-cache-11.3.6.tgz. Extracting by manifest.
1197 silly tarball no local data for picomatch@https://registry.npmjs.org/picomatch/-/picomatch-4.0.4.tgz. Extracting by manifest.
1198 silly tarball no local data for aria-query@https://registry.npmjs.org/aria-query/-/aria-query-5.3.0.tgz. Extracting by manifest.
1199 silly tarball no local data for dom-accessibility-api@https://registry.npmjs.org/dom-accessibility-api/-/dom-accessibility-api-0.6.3.tgz. Extracting by manifest.
1200 http fetch GET 200 https://registry.npmjs.org/stackback/-/stackback-0.0.2.tgz 104ms (cache miss)
1201 http fetch GET 200 https://registry.npmjs.org/assertion-error/-/assertion-error-2.0.1.tgz 104ms (cache miss)
1202 http fetch GET 200 https://registry.npmjs.org/estree-walker/-/estree-walker-3.0.3.tgz 105ms (cache miss)
1203 http fetch GET 200 https://registry.npmjs.org/@standard-schema/spec/-/spec-1.1.0.tgz 104ms (cache miss)
1204 http fetch GET 200 https://registry.npmjs.org/dequal/-/dequal-2.0.3.tgz 106ms (cache miss)
1205 http fetch GET 200 https://registry.npmjs.org/siginfo/-/siginfo-2.0.0.tgz 107ms (cache miss)
1206 http fetch GET 200 https://registry.npmjs.org/tinyrainbow/-/tinyrainbow-3.1.0.tgz 104ms (cache miss)
1207 http fetch GET 200 https://registry.npmjs.org/why-is-node-running/-/why-is-node-running-2.3.0.tgz 106ms (cache miss)
1208 http fetch GET 200 https://registry.npmjs.org/@types/deep-eql/-/deep-eql-4.0.2.tgz 106ms (cache miss)
1209 http fetch GET 200 https://registry.npmjs.org/@types/chai/-/chai-5.2.3.tgz 106ms (cache miss)
1210 http fetch GET 200 https://registry.npmjs.org/chai/-/chai-6.2.2.tgz 108ms (cache miss)
1211 http fetch GET 200 https://registry.npmjs.org/tinyexec/-/tinyexec-1.1.2.tgz 107ms (cache miss)
1212 http fetch GET 200 https://registry.npmjs.org/tinybench/-/tinybench-2.9.0.tgz 108ms (cache miss)
1213 http fetch GET 200 https://registry.npmjs.org/tr46/-/tr46-6.0.0.tgz 113ms (cache miss)
1214 http fetch GET 200 https://registry.npmjs.org/std-env/-/std-env-4.1.0.tgz 128ms (cache miss)
1215 http fetch GET 200 https://registry.npmjs.org/pathe/-/pathe-2.0.3.tgz 129ms (cache miss)
1216 http fetch GET 200 https://registry.npmjs.org/obug/-/obug-2.1.1.tgz 134ms (cache miss)
1217 http fetch GET 200 https://registry.npmjs.org/es-module-lexer/-/es-module-lexer-2.1.0.tgz 137ms (cache miss)
1218 http fetch GET 200 https://registry.npmjs.org/expect-type/-/expect-type-1.3.0.tgz 143ms (cache miss)
1219 http fetch GET 200 https://registry.npmjs.org/@vitest/expect/-/expect-4.1.6.tgz 151ms (cache miss)
1220 http fetch GET 200 https://registry.npmjs.org/@oxc-project/types/-/types-0.129.0.tgz 156ms (cache miss)
1221 http fetch GET 200 https://registry.npmjs.org/@vitest/snapshot/-/snapshot-4.1.6.tgz 158ms (cache miss)
1222 http fetch GET 200 https://registry.npmjs.org/@vitest/spy/-/spy-4.1.6.tgz 161ms (cache miss)
1223 http fetch GET 200 https://registry.npmjs.org/@vitest/pretty-format/-/pretty-format-4.1.6.tgz 180ms (cache miss)
1224 http fetch GET 200 https://registry.npmjs.org/@vitest/utils/-/utils-4.1.6.tgz 182ms (cache miss)
1225 http fetch GET 200 https://registry.npmjs.org/@vitest/runner/-/runner-4.1.6.tgz 183ms (cache miss)
1226 http fetch GET 200 https://registry.npmjs.org/min-indent/-/min-indent-1.0.1.tgz 185ms (cache miss)
1227 http fetch POST 200 https://registry.npmjs.org/-/npm/v1/security/advisories/bulk 240ms
1228 silly audit report {
1228 silly audit report   postcss: [
1228 silly audit report     {
1228 silly audit report       id: 1117015,
1228 silly audit report       url: 'https://github.com/advisories/GHSA-qx2v-qp2m-jg93',
1228 silly audit report       title: 'PostCSS has XSS via Unescaped </style> in its CSS Stringify Output',
1228 silly audit report       severity: 'moderate',
1228 silly audit report       vulnerable_versions: '<8.5.10',
1228 silly audit report       cwe: [Array],
1228 silly audit report       cvss: [Object]
1228 silly audit report     }
1228 silly audit report   ]
1228 silly audit report }
1229 silly packumentCache corgi:https://registry.npmjs.org/postcss cache-miss
1230 http fetch GET 200 https://registry.npmjs.org/@vitest/mocker/-/mocker-4.1.6.tgz 209ms (cache miss)
1231 http fetch GET 200 https://registry.npmjs.org/indent-string/-/indent-string-4.0.0.tgz 210ms (cache miss)
1232 http fetch GET 200 https://registry.npmjs.org/strip-indent/-/strip-indent-3.0.0.tgz 210ms (cache miss)
1233 http fetch GET 200 https://registry.npmjs.org/ansi-regex/-/ansi-regex-5.0.1.tgz 210ms (cache miss)
1234 http fetch GET 200 https://registry.npmjs.org/xmlchars/-/xmlchars-2.2.0.tgz 227ms (cache miss)
1235 http fetch GET 200 https://registry.npmjs.org/require-from-string/-/require-from-string-2.0.2.tgz 242ms (cache miss)
1236 http fetch GET 200 https://registry.npmjs.org/@asamuzakjp/nwsapi/-/nwsapi-2.3.9.tgz 244ms (cache miss)
1237 http fetch GET 200 https://registry.npmjs.org/@csstools/color-helpers/-/color-helpers-6.0.2.tgz 248ms (cache miss)
1238 http fetch GET 200 https://registry.npmjs.org/@csstools/css-color-parser/-/css-color-parser-4.1.1.tgz 249ms (cache miss)
1239 http fetch GET 200 https://registry.npmjs.org/xml-name-validator/-/xml-name-validator-5.0.0.tgz 254ms (cache miss)
1240 http fetch GET 200 https://registry.npmjs.org/@csstools/css-tokenizer/-/css-tokenizer-4.0.0.tgz 266ms (cache miss)
1241 http fetch GET 200 https://registry.npmjs.org/@asamuzakjp/generational-cache/-/generational-cache-1.0.1.tgz 269ms (cache miss)
1242 http fetch GET 200 https://registry.npmjs.org/rolldown/-/rolldown-1.0.0.tgz 277ms (cache miss)
1243 http fetch GET 200 https://registry.npmjs.org/@csstools/css-calc/-/css-calc-3.2.1.tgz 276ms (cache miss)
1244 http fetch GET 200 https://registry.npmjs.org/bidi-js/-/bidi-js-1.0.3.tgz 277ms (cache miss)
1245 http fetch GET 200 https://registry.npmjs.org/@csstools/css-parser-algorithms/-/css-parser-algorithms-4.0.0.tgz 277ms (cache miss)
1246 http fetch GET 200 https://registry.npmjs.org/webidl-conversions/-/webidl-conversions-8.0.1.tgz 277ms (cache miss)
1247 http fetch GET 200 https://registry.npmjs.org/mdn-data/-/mdn-data-2.27.1.tgz 281ms (cache miss)
1248 http fetch GET 200 https://registry.npmjs.org/whatwg-mimetype/-/whatwg-mimetype-5.0.0.tgz 279ms (cache miss)
1249 http fetch GET 200 https://registry.npmjs.org/whatwg-url/-/whatwg-url-16.0.1.tgz 294ms (cache miss)
1250 http fetch GET 200 https://registry.npmjs.org/symbol-tree/-/symbol-tree-3.2.4.tgz 302ms (cache miss)
1251 http fetch GET 200 https://registry.npmjs.org/is-potential-custom-element-name/-/is-potential-custom-element-name-1.0.1.tgz 303ms (cache miss)
1252 http fetch GET 200 https://registry.npmjs.org/html-encoding-sniffer/-/html-encoding-sniffer-6.0.0.tgz 313ms (cache miss)
1253 http fetch GET 200 https://registry.npmjs.org/saxes/-/saxes-6.0.0.tgz 315ms (cache miss)
1254 http fetch GET 200 https://registry.npmjs.org/tldts-core/-/tldts-core-7.0.30.tgz 322ms (cache miss)
1255 http fetch GET 200 https://registry.npmjs.org/data-urls/-/data-urls-7.0.0.tgz 315ms (cache miss)
1256 http fetch GET 200 https://registry.npmjs.org/w3c-xmlserializer/-/w3c-xmlserializer-5.0.0.tgz 316ms (cache miss)
1257 http fetch GET 200 https://registry.npmjs.org/entities/-/entities-8.0.0.tgz 328ms (cache miss)
1258 http fetch GET 200 https://registry.npmjs.org/decimal.js/-/decimal.js-10.6.0.tgz 327ms (cache miss)
1259 http fetch GET 200 https://registry.npmjs.org/tough-cookie/-/tough-cookie-6.0.1.tgz 339ms (cache miss)
1260 http fetch GET 200 https://registry.npmjs.org/@csstools/css-syntax-patches-for-csstree/-/css-syntax-patches-for-csstree-1.1.4.tgz 344ms (cache miss)
1261 http fetch GET 200 https://registry.npmjs.org/redent/-/redent-3.0.0.tgz 354ms (cache miss)
1262 http fetch GET 200 https://registry.npmjs.org/css.escape/-/css.escape-1.5.1.tgz 368ms (cache miss)
1263 http fetch GET 200 https://registry.npmjs.org/@rolldown/pluginutils/-/pluginutils-1.0.0-rc.7.tgz 375ms (cache miss)
1264 http fetch GET 200 https://registry.npmjs.org/parse5/-/parse5-8.0.1.tgz 383ms (cache miss)
1265 http fetch GET 200 https://registry.npmjs.org/tldts/-/tldts-7.0.30.tgz 389ms (cache miss)
1266 http fetch GET 200 https://registry.npmjs.org/@types/aria-query/-/aria-query-5.0.4.tgz 414ms (cache miss)
1267 http fetch GET 200 https://registry.npmjs.org/@asamuzakjp/dom-selector/-/dom-selector-7.1.1.tgz 419ms (cache miss)
1268 http fetch GET 200 https://registry.npmjs.org/@adobe/css-tools/-/css-tools-4.4.4.tgz 422ms (cache miss)
1269 http fetch GET 200 https://registry.npmjs.org/lz-string/-/lz-string-1.5.0.tgz 421ms (cache miss)
1270 http fetch GET 200 https://registry.npmjs.org/@vitejs/plugin-react/-/plugin-react-6.0.1.tgz 448ms (cache miss)
1271 http fetch GET 200 https://registry.npmjs.org/@rolldown/pluginutils/-/pluginutils-1.0.0.tgz 453ms (cache miss)
1272 http fetch GET 200 https://registry.npmjs.org/react-is/-/react-is-17.0.2.tgz 453ms (cache miss)
1273 http fetch GET 200 https://registry.npmjs.org/pretty-format/-/pretty-format-27.5.1.tgz 458ms (cache miss)
1274 http fetch GET 200 https://registry.npmjs.org/ansi-styles/-/ansi-styles-5.2.0.tgz 458ms (cache miss)
1275 http fetch GET 200 https://registry.npmjs.org/@bramus/specificity/-/specificity-2.4.2.tgz 467ms (cache miss)
1276 http fetch GET 200 https://registry.npmjs.org/picomatch/-/picomatch-4.0.4.tgz 494ms (cache miss)
1277 http fetch GET 200 https://registry.npmjs.org/picomatch/-/picomatch-4.0.4.tgz 514ms (cache miss)
1278 http fetch GET 200 https://registry.npmjs.org/postcss 338ms (cache miss)
1279 silly packumentCache corgi:https://registry.npmjs.org/postcss set size:undefined disposed:false
1280 silly packumentCache corgi:https://registry.npmjs.org/next cache-miss
1281 http fetch GET 200 https://registry.npmjs.org/@testing-library/react/-/react-16.3.2.tgz 550ms (cache miss)
1282 http fetch GET 200 https://registry.npmjs.org/@asamuzakjp/css-color/-/css-color-5.1.11.tgz 572ms (cache miss)
1283 http fetch GET 200 https://registry.npmjs.org/@exodus/bytes/-/bytes-1.15.0.tgz 574ms (cache miss)
1284 http fetch GET 200 https://registry.npmjs.org/dom-accessibility-api/-/dom-accessibility-api-0.5.16.tgz 580ms (cache miss)
1285 http fetch GET 200 https://registry.npmjs.org/@testing-library/jest-dom/-/jest-dom-6.9.1.tgz 584ms (cache miss)
1286 http fetch GET 200 https://registry.npmjs.org/vite/-/vite-8.0.12.tgz 622ms (cache miss)
1287 http fetch GET 200 https://registry.npmjs.org/dom-accessibility-api/-/dom-accessibility-api-0.6.3.tgz 645ms (cache miss)
1288 http fetch GET 200 https://registry.npmjs.org/@testing-library/dom/-/dom-10.4.1.tgz 660ms (cache miss)
1289 http fetch GET 200 https://registry.npmjs.org/@napi-rs/wasm-runtime/-/wasm-runtime-1.1.4.tgz 670ms (cache miss)
1290 http fetch GET 200 https://registry.npmjs.org/prettier-plugin-tailwindcss/-/prettier-plugin-tailwindcss-0.8.0.tgz 742ms (cache miss)
1291 http fetch GET 200 https://registry.npmjs.org/vitest/-/vitest-4.1.6.tgz 752ms (cache miss)
1292 http fetch GET 200 https://registry.npmjs.org/lru-cache/-/lru-cache-11.3.6.tgz 772ms (cache miss)
1293 http fetch GET 200 https://registry.npmjs.org/aria-query/-/aria-query-5.3.0.tgz 797ms (cache miss)
1294 http fetch GET 200 https://registry.npmjs.org/undici/-/undici-7.25.0.tgz 826ms (cache miss)
1295 http fetch GET 200 https://registry.npmjs.org/prettier/-/prettier-3.8.3.tgz 830ms (cache miss)
1296 http fetch GET 200 https://registry.npmjs.org/@babel/runtime/-/runtime-7.29.2.tgz 868ms (cache miss)
1297 http fetch GET 200 https://registry.npmjs.org/@rolldown/binding-win32-x64-msvc/-/binding-win32-x64-msvc-1.0.0.tgz 890ms (cache miss)
1298 http fetch GET 200 https://registry.npmjs.org/css-tree/-/css-tree-3.2.1.tgz 895ms (cache miss)
1299 http fetch GET 200 https://registry.npmjs.org/next 442ms (cache miss)
1300 silly packumentCache corgi:https://registry.npmjs.org/next set size:undefined disposed:false
1301 http fetch GET 200 https://registry.npmjs.org/jsdom/-/jsdom-29.1.1.tgz 1537ms (cache miss)
1302 silly ADD node_modules/dequal
1303 silly ADD node_modules/stackback
1304 silly ADD node_modules/siginfo
1305 silly ADD node_modules/tr46
1306 silly ADD node_modules/estree-walker
1307 silly ADD node_modules/assertion-error
1308 silly ADD node_modules/@types/deep-eql
1309 silly ADD node_modules/chai
1310 silly ADD node_modules/@types/chai
1311 silly ADD node_modules/@standard-schema/spec
1312 silly ADD node_modules/why-is-node-running
1313 silly ADD node_modules/tinyrainbow
1314 silly ADD node_modules/tinyexec
1315 silly ADD node_modules/tinybench
1316 silly ADD node_modules/std-env
1317 silly ADD node_modules/pathe
1318 silly ADD node_modules/obug
1319 silly ADD node_modules/expect-type
1320 silly ADD node_modules/es-module-lexer
1321 silly ADD node_modules/@vitest/utils
1322 silly ADD node_modules/@vitest/spy
1323 silly ADD node_modules/@vitest/snapshot
1324 silly ADD node_modules/@vitest/runner
1325 silly ADD node_modules/@vitest/pretty-format
1326 silly ADD node_modules/@vitest/mocker
1327 silly ADD node_modules/@vitest/expect
1328 silly ADD node_modules/@rolldown/binding-win32-x64-msvc
1329 silly ADD
1330 silly ADD
1331 silly ADD node_modules/@napi-rs/wasm-runtime
1332 silly ADD
1333 silly ADD
1334 silly ADD
1335 silly ADD
1336 silly ADD
1337 silly ADD
1338 silly ADD
1339 silly ADD
1340 silly ADD
1341 silly ADD
1342 silly ADD
1343 silly ADD
1344 silly ADD node_modules/@oxc-project/types
1345 silly ADD node_modules/rolldown
1346 silly ADD node_modules/rolldown/node_modules/@rolldown/pluginutils
1347 silly ADD
1348 silly ADD node_modules/tldts-core
1349 silly ADD node_modules/tldts
1350 silly ADD node_modules/min-indent
1351 silly ADD node_modules/xmlchars
1352 silly ADD node_modules/strip-indent
1353 silly ADD node_modules/indent-string
1354 silly ADD node_modules/ansi-regex
1355 silly ADD node_modules/entities
1356 silly ADD node_modules/mdn-data
1357 silly ADD node_modules/require-from-string
1358 silly ADD node_modules/@csstools/color-helpers
1359 silly ADD node_modules/bidi-js
1360 silly ADD node_modules/@asamuzakjp/nwsapi
1361 silly ADD node_modules/@csstools/css-color-parser
1362 silly ADD node_modules/@csstools/css-tokenizer
1363 silly ADD node_modules/@csstools/css-parser-algorithms
1364 silly ADD node_modules/@csstools/css-calc
1365 silly ADD node_modules/@asamuzakjp/generational-cache
1366 silly ADD node_modules/xml-name-validator
1367 silly ADD node_modules/whatwg-url
1368 silly ADD node_modules/whatwg-mimetype
1369 silly ADD node_modules/webidl-conversions
1370 silly ADD node_modules/w3c-xmlserializer
1371 silly ADD node_modules/undici
1372 silly ADD node_modules/tough-cookie
1373 silly ADD node_modules/symbol-tree
1374 silly ADD node_modules/saxes
1375 silly ADD node_modules/parse5
1376 silly ADD node_modules/is-potential-custom-element-name
1377 silly ADD node_modules/html-encoding-sniffer
1378 silly ADD node_modules/decimal.js
1379 silly ADD node_modules/data-urls
1380 silly ADD node_modules/css-tree
1381 silly ADD node_modules/@exodus/bytes
1382 silly ADD node_modules/@csstools/css-syntax-patches-for-csstree
1383 silly ADD node_modules/@bramus/specificity
1384 silly ADD node_modules/@asamuzakjp/dom-selector
1385 silly ADD node_modules/@asamuzakjp/css-color
1386 silly ADD node_modules/@rolldown/pluginutils
1387 silly ADD node_modules/redent
1388 silly ADD node_modules/css.escape
1389 silly ADD node_modules/@adobe/css-tools
1390 silly ADD node_modules/pretty-format
1391 silly ADD node_modules/pretty-format/node_modules/react-is
1392 silly ADD node_modules/pretty-format/node_modules/ansi-styles
1393 silly ADD node_modules/lz-string
1394 silly ADD node_modules/dom-accessibility-api
1395 silly ADD node_modules/@types/aria-query
1396 silly ADD node_modules/@babel/runtime
1397 silly ADD node_modules/vitest
1398 silly ADD node_modules/vitest/node_modules/picomatch
1399 silly ADD node_modules/prettier-plugin-tailwindcss
1400 silly ADD node_modules/prettier
1401 silly ADD node_modules/jsdom
1402 silly ADD node_modules/jsdom/node_modules/lru-cache
1403 silly ADD node_modules/vite
1404 silly ADD node_modules/vite/node_modules/picomatch
1405 silly ADD node_modules/@vitejs/plugin-react
1406 silly ADD node_modules/@testing-library/dom
1407 silly ADD node_modules/@testing-library/dom/node_modules/aria-query
1408 silly ADD node_modules/@testing-library/react
1409 silly ADD node_modules/@testing-library/jest-dom
1410 silly ADD node_modules/@testing-library/jest-dom/node_modules/dom-accessibility-api
1411 silly ADD
1412 silly ADD
1413 silly ADD
1414 silly ADD
1415 silly ADD
1416 silly ADD
1417 silly ADD
1418 silly ADD
1419 silly ADD
1420 silly ADD
1421 silly ADD
1422 silly ADD
1423 silly ADD
1424 silly ADD
1425 silly ADD
1426 silly ADD
1427 silly ADD
1428 silly ADD
1429 silly ADD
1430 silly ADD
1431 silly ADD
1432 silly ADD
1433 silly ADD
1434 silly ADD
1435 silly ADD
1436 silly ADD
1437 silly ADD
1438 silly ADD
1439 silly ADD
1440 silly ADD
1441 silly ADD
1442 silly ADD
1443 silly ADD
1444 silly ADD
1445 silly ADD
1446 silly ADD
1447 silly ADD
1448 silly ADD
1449 silly ADD
1450 silly ADD
1451 silly ADD
1452 silly ADD
1453 silly ADD
1454 silly ADD
1455 silly ADD
1456 silly ADD
1457 silly ADD
1458 silly ADD
1459 silly ADD
1460 silly ADD
1461 silly ADD
1462 silly ADD
1463 silly ADD
1464 silly ADD
1465 silly ADD
1466 silly ADD
1467 silly ADD
1468 silly ADD
1469 silly ADD
1470 silly ADD
1471 silly ADD
1472 silly ADD
1473 silly ADD
1474 silly ADD
1475 silly ADD
1476 silly ADD
1477 silly ADD
1478 silly ADD
1479 silly ADD
1480 verbose cwd D:\airflowlablanding
1481 verbose os Windows_NT 10.0.19045
1482 verbose node v22.14.0
1483 verbose npm  v10.9.2
1484 notice
1484 notice New major version of npm available! 10.9.2 -> 11.14.1
1484 notice Changelog: https://github.com/npm/cli/releases/tag/v11.14.1
1484 notice To update run: npm install -g npm@11.14.1
1484 notice  { force: true, [Symbol(proc-log.meta)]: true }
1485 verbose exit 0
1486 info ok
